filename,label
img_0.png,square
img_1.png,triangle
img_2.png,hexagon
img_3.png,triangle
img_4.png,hexagon
img_5.png,hexagon
img_6.png,rectangle
img_7.png,rectangle
img_8.png,circle
img_9.png,square
img_10.png,square
img_11.png,triangle
img_12.png,circle
img_13.png,triangle
img_14.png,ellipse
img_15.png,square
img_16.png,circle
img_17.png,ellipse
img_18.png,circle
img_19.png,square
img_20.png,hexagon
img_21.png,octagon
img_22.png,square
img_23.png,hexagon
img_24.png,ellipse
img_25.png,square
img_26.png,hexagon
img_27.png,hexagon
img_28.png,triangle
img_29.png,hexagon
img_30.png,ellipse
img_31.png,hexagon
img_32.png,triangle
img_33.png,square
img_34.png,hexagon
img_35.png,circle
img_36.png,octagon
img_37.png,triangle
img_38.png,triangle
img_39.png,triangle
img_40.png,octagon
img_41.png,hexagon
img_42.png,circle
img_43.png,rectangle
img_44.png,triangle
img_45.png,triangle
img_46.png,rectangle
img_47.png,rectangle
img_48.png,octagon
img_49.png,hexagon
img_50.png,ellipse
img_51.png,octagon
img_52.png,triangle
img_53.png,octagon
img_54.png,ellipse
img_55.png,octagon
img_56.png,triangle
img_57.png,rectangle
img_58.png,hexagon
img_59.png,octagon
img_60.png,rectangle
img_61.png,hexagon
img_62.png,ellipse
img_63.png,circle
img_64.png,ellipse
img_65.png,octagon
img_66.png,rectangle
img_67.png,octagon
img_68.png,hexagon
img_69.png,triangle
img_70.png,triangle
img_71.png,hexagon
img_72.png,ellipse
img_73.png,rectangle
img_74.png,triangle
img_75.png,rectangle
img_76.png,square
img_77.png,circle
img_78.png,circle
img_79.png,octagon
img_80.png,octagon
img_81.png,hexagon
img_82.png,octagon
img_83.png,circle
img_84.png,hexagon
img_85.png,triangle
img_86.png,circle
img_87.png,triangle
img_88.png,hexagon
img_89.png,circle
img_90.png,circle
img_91.png,triangle
img_92.png,circle
img_93.png,circle
img_94.png,hexagon
img_95.png,hexagon
img_96.png,rectangle
img_97.png,hexagon
img_98.png,octagon
img_99.png,octagon
img_100.png,circle
img_101.png,rectangle
img_102.png,ellipse
img_103.png,triangle
img_104.png,ellipse
img_105.png,hexagon
img_106.png,ellipse
img_107.png,square
img_108.png,ellipse
img_109.png,triangle
img_110.png,octagon
img_111.png,hexagon
img_112.png,triangle
img_113.png,octagon
img_114.png,circle
img_115.png,hexagon
img_116.png,triangle
img_117.png,square
img_118.png,ellipse
img_119.png,circle
img_120.png,triangle
img_121.png,triangle
img_122.png,octagon
img_123.png,ellipse
img_124.png,rectangle
img_125.png,circle
img_126.png,hexagon
img_127.png,ellipse
img_128.png,rectangle
img_129.png,circle
img_130.png,circle
img_131.png,ellipse
img_132.png,rectangle
img_133.png,hexagon
img_134.png,rectangle
img_135.png,triangle
img_136.png,triangle
img_137.png,triangle
img_138.png,hexagon
img_139.png,octagon
img_140.png,square
img_141.png,rectangle
img_142.png,ellipse
img_143.png,hexagon
img_144.png,ellipse
img_145.png,ellipse
img_146.png,triangle
img_147.png,rectangle
img_148.png,circle
img_149.png,square
img_150.png,hexagon
img_151.png,hexagon
img_152.png,triangle
img_153.png,square
img_154.png,triangle
img_155.png,hexagon
img_156.png,square
img_157.png,rectangle
img_158.png,rectangle
img_159.png,square
img_160.png,hexagon
img_161.png,triangle
img_162.png,circle
img_163.png,ellipse
img_164.png,octagon
img_165.png,triangle
img_166.png,rectangle
img_167.png,circle
img_168.png,rectangle
img_169.png,circle
img_170.png,ellipse
img_171.png,ellipse
img_172.png,ellipse
img_173.png,triangle
img_174.png,circle
img_175.png,hexagon
img_176.png,rectangle
img_177.png,square
img_178.png,square
img_179.png,octagon
img_180.png,ellipse
img_181.png,square
img_182.png,ellipse
img_183.png,rectangle
img_184.png,ellipse
img_185.png,triangle
img_186.png,square
img_187.png,rectangle
img_188.png,rectangle
img_189.png,hexagon
img_190.png,rectangle
img_191.png,triangle
img_192.png,square
img_193.png,octagon
img_194.png,ellipse
img_195.png,square
img_196.png,ellipse
img_197.png,circle
img_198.png,square
img_199.png,octagon
img_200.png,triangle
img_201.png,hexagon
img_202.png,square
img_203.png,ellipse
img_204.png,octagon
img_205.png,square
img_206.png,rectangle
img_207.png,ellipse
img_208.png,hexagon
img_209.png,hexagon
img_210.png,hexagon
img_211.png,circle
img_212.png,octagon
img_213.png,circle
img_214.png,octagon
img_215.png,square
img_216.png,circle
img_217.png,triangle
img_218.png,circle
img_219.png,octagon
img_220.png,triangle
img_221.png,triangle
img_222.png,rectangle
img_223.png,triangle
img_224.png,square
img_225.png,octagon
img_226.png,square
img_227.png,hexagon
img_228.png,rectangle
img_229.png,triangle
img_230.png,triangle
img_231.png,hexagon
img_232.png,square
img_233.png,triangle
img_234.png,square
img_235.png,octagon
img_236.png,rectangle
img_237.png,square
img_238.png,triangle
img_239.png,octagon
img_240.png,hexagon
img_241.png,circle
img_242.png,circle
img_243.png,rectangle
img_244.png,triangle
img_245.png,octagon
img_246.png,octagon
img_247.png,triangle
img_248.png,square
img_249.png,triangle
img_250.png,square
img_251.png,octagon
img_252.png,hexagon
img_253.png,octagon
img_254.png,octagon
img_255.png,octagon
img_256.png,ellipse
img_257.png,square
img_258.png,octagon
img_259.png,ellipse
img_260.png,circle
img_261.png,triangle
img_262.png,ellipse
img_263.png,square
img_264.png,square
img_265.png,ellipse
img_266.png,square
img_267.png,square
img_268.png,square
img_269.png,rectangle
img_270.png,rectangle
img_271.png,hexagon
img_272.png,triangle
img_273.png,ellipse
img_274.png,hexagon
img_275.png,octagon
img_276.png,circle
img_277.png,ellipse
img_278.png,triangle
img_279.png,circle
img_280.png,hexagon
img_281.png,ellipse
img_282.png,rectangle
img_283.png,circle
img_284.png,ellipse
img_285.png,octagon
img_286.png,circle
img_287.png,square
img_288.png,ellipse
img_289.png,octagon
img_290.png,square
img_291.png,square
img_292.png,triangle
img_293.png,square
img_294.png,rectangle
img_295.png,triangle
img_296.png,rectangle
img_297.png,square
img_298.png,square
img_299.png,square
img_300.png,ellipse
img_301.png,ellipse
img_302.png,octagon
img_303.png,square
img_304.png,hexagon
img_305.png,ellipse
img_306.png,triangle
img_307.png,ellipse
img_308.png,triangle
img_309.png,ellipse
img_310.png,triangle
img_311.png,circle
img_312.png,ellipse
img_313.png,ellipse
img_314.png,square
img_315.png,ellipse
img_316.png,hexagon
img_317.png,rectangle
img_318.png,triangle
img_319.png,circle
img_320.png,rectangle
img_321.png,octagon
img_322.png,octagon
img_323.png,ellipse
img_324.png,circle
img_325.png,octagon
img_326.png,square
img_327.png,ellipse
img_328.png,triangle
img_329.png,ellipse
img_330.png,square
img_331.png,triangle
img_332.png,square
img_333.png,triangle
img_334.png,triangle
img_335.png,ellipse
img_336.png,circle
img_337.png,triangle
img_338.png,triangle
img_339.png,hexagon
img_340.png,ellipse
img_341.png,ellipse
img_342.png,circle
img_343.png,ellipse
img_344.png,hexagon
img_345.png,ellipse
img_346.png,octagon
img_347.png,ellipse
img_348.png,hexagon
img_349.png,ellipse
img_350.png,rectangle
img_351.png,triangle
img_352.png,square
img_353.png,square
img_354.png,circle
img_355.png,triangle
img_356.png,rectangle
img_357.png,octagon
img_358.png,hexagon
img_359.png,ellipse
img_360.png,rectangle
img_361.png,triangle
img_362.png,triangle
img_363.png,circle
img_364.png,octagon
img_365.png,rectangle
img_366.png,circle
img_367.png,ellipse
img_368.png,ellipse
img_369.png,rectangle
img_370.png,square
img_371.png,circle
img_372.png,hexagon
img_373.png,octagon
img_374.png,ellipse
img_375.png,rectangle
img_376.png,triangle
img_377.png,ellipse
img_378.png,rectangle
img_379.png,ellipse
img_380.png,ellipse
img_381.png,octagon
img_382.png,ellipse
img_383.png,octagon
img_384.png,rectangle
img_385.png,square
img_386.png,rectangle
img_387.png,rectangle
img_388.png,rectangle
img_389.png,square
img_390.png,octagon
img_391.png,octagon
img_392.png,ellipse
img_393.png,triangle
img_394.png,hexagon
img_395.png,triangle
img_396.png,octagon
img_397.png,hexagon
img_398.png,hexagon
img_399.png,triangle
img_400.png,hexagon
img_401.png,circle
img_402.png,rectangle
img_403.png,triangle
img_404.png,triangle
img_405.png,ellipse
img_406.png,ellipse
img_407.png,circle
img_408.png,circle
img_409.png,triangle
img_410.png,circle
img_411.png,rectangle
img_412.png,square
img_413.png,triangle
img_414.png,octagon
img_415.png,square
img_416.png,circle
img_417.png,octagon
img_418.png,circle
img_419.png,rectangle
img_420.png,triangle
img_421.png,octagon
img_422.png,ellipse
img_423.png,circle
img_424.png,rectangle
img_425.png,hexagon
img_426.png,ellipse
img_427.png,hexagon
img_428.png,square
img_429.png,triangle
img_430.png,octagon
img_431.png,triangle
img_432.png,rectangle
img_433.png,rectangle
img_434.png,rectangle
img_435.png,octagon
img_436.png,hexagon
img_437.png,rectangle
img_438.png,ellipse
img_439.png,triangle
img_440.png,triangle
img_441.png,octagon
img_442.png,triangle
img_443.png,hexagon
img_444.png,octagon
img_445.png,ellipse
img_446.png,square
img_447.png,hexagon
img_448.png,circle
img_449.png,circle
img_450.png,hexagon
img_451.png,triangle
img_452.png,triangle
img_453.png,octagon
img_454.png,square
img_455.png,triangle
img_456.png,square
img_457.png,octagon
img_458.png,circle
img_459.png,ellipse
img_460.png,triangle
img_461.png,hexagon
img_462.png,octagon
img_463.png,circle
img_464.png,circle
img_465.png,octagon
img_466.png,rectangle
img_467.png,octagon
img_468.png,triangle
img_469.png,ellipse
img_470.png,square
img_471.png,ellipse
img_472.png,circle
img_473.png,rectangle
img_474.png,hexagon
img_475.png,octagon
img_476.png,circle
img_477.png,octagon
img_478.png,ellipse
img_479.png,octagon
img_480.png,octagon
img_481.png,rectangle
img_482.png,rectangle
img_483.png,ellipse
img_484.png,hexagon
img_485.png,octagon
img_486.png,octagon
img_487.png,circle
img_488.png,hexagon
img_489.png,square
img_490.png,square
img_491.png,triangle
img_492.png,circle
img_493.png,circle
img_494.png,hexagon
img_495.png,rectangle
img_496.png,circle
img_497.png,triangle
img_498.png,rectangle
img_499.png,circle
img_500.png,hexagon
img_501.png,triangle
img_502.png,hexagon
img_503.png,rectangle
img_504.png,hexagon
img_505.png,triangle
img_506.png,circle
img_507.png,rectangle
img_508.png,octagon
img_509.png,octagon
img_510.png,circle
img_511.png,hexagon
img_512.png,circle
img_513.png,triangle
img_514.png,rectangle
img_515.png,octagon
img_516.png,ellipse
img_517.png,square
img_518.png,circle
img_519.png,ellipse
img_520.png,triangle
img_521.png,octagon
img_522.png,triangle
img_523.png,hexagon
img_524.png,circle
img_525.png,hexagon
img_526.png,ellipse
img_527.png,rectangle
img_528.png,ellipse
img_529.png,circle
img_530.png,octagon
img_531.png,circle
img_532.png,triangle
img_533.png,rectangle
img_534.png,circle
img_535.png,square
img_536.png,square
img_537.png,circle
img_538.png,octagon
img_539.png,square
img_540.png,ellipse
img_541.png,triangle
img_542.png,hexagon
img_543.png,square
img_544.png,square
img_545.png,circle
img_546.png,hexagon
img_547.png,ellipse
img_548.png,ellipse
img_549.png,octagon
img_550.png,octagon
img_551.png,hexagon
img_552.png,ellipse
img_553.png,triangle
img_554.png,hexagon
img_555.png,square
img_556.png,ellipse
img_557.png,triangle
img_558.png,triangle
img_559.png,circle
img_560.png,hexagon
img_561.png,ellipse
img_562.png,rectangle
img_563.png,rectangle
img_564.png,square
img_565.png,square
img_566.png,hexagon
img_567.png,hexagon
img_568.png,hexagon
img_569.png,hexagon
img_570.png,octagon
img_571.png,square
img_572.png,square
img_573.png,hexagon
img_574.png,triangle
img_575.png,octagon
img_576.png,ellipse
img_577.png,octagon
img_578.png,hexagon
img_579.png,circle
img_580.png,octagon
img_581.png,triangle
img_582.png,ellipse
img_583.png,square
img_584.png,rectangle
img_585.png,square
img_586.png,rectangle
img_587.png,hexagon
img_588.png,rectangle
img_589.png,square
img_590.png,ellipse
img_591.png,octagon
img_592.png,rectangle
img_593.png,circle
img_594.png,octagon
img_595.png,rectangle
img_596.png,hexagon
img_597.png,rectangle
img_598.png,triangle
img_599.png,rectangle
img_600.png,rectangle
img_601.png,hexagon
img_602.png,square
img_603.png,square
img_604.png,ellipse
img_605.png,circle
img_606.png,triangle
img_607.png,triangle
img_608.png,circle
img_609.png,circle
img_610.png,triangle
img_611.png,rectangle
img_612.png,ellipse
img_613.png,square
img_614.png,triangle
img_615.png,hexagon
img_616.png,rectangle
img_617.png,rectangle
img_618.png,hexagon
img_619.png,rectangle
img_620.png,circle
img_621.png,triangle
img_622.png,rectangle
img_623.png,rectangle
img_624.png,ellipse
img_625.png,ellipse
img_626.png,circle
img_627.png,hexagon
img_628.png,ellipse
img_629.png,circle
img_630.png,square
img_631.png,octagon
img_632.png,square
img_633.png,circle
img_634.png,ellipse
img_635.png,ellipse
img_636.png,triangle
img_637.png,triangle
img_638.png,octagon
img_639.png,square
img_640.png,triangle
img_641.png,ellipse
img_642.png,square
img_643.png,square
img_644.png,triangle
img_645.png,hexagon
img_646.png,circle
img_647.png,circle
img_648.png,rectangle
img_649.png,octagon
img_650.png,octagon
img_651.png,rectangle
img_652.png,octagon
img_653.png,ellipse
img_654.png,square
img_655.png,rectangle
img_656.png,triangle
img_657.png,ellipse
img_658.png,triangle
img_659.png,ellipse
img_660.png,ellipse
img_661.png,square
img_662.png,rectangle
img_663.png,hexagon
img_664.png,triangle
img_665.png,octagon
img_666.png,hexagon
img_667.png,octagon
img_668.png,hexagon
img_669.png,octagon
img_670.png,octagon
img_671.png,ellipse
img_672.png,hexagon
img_673.png,square
img_674.png,triangle
img_675.png,triangle
img_676.png,circle
img_677.png,hexagon
img_678.png,circle
img_679.png,circle
img_680.png,ellipse
img_681.png,ellipse
img_682.png,triangle
img_683.png,octagon
img_684.png,square
img_685.png,hexagon
img_686.png,ellipse
img_687.png,square
img_688.png,rectangle
img_689.png,octagon
img_690.png,square
img_691.png,octagon
img_692.png,hexagon
img_693.png,square
img_694.png,circle
img_695.png,ellipse
img_696.png,square
img_697.png,rectangle
img_698.png,rectangle
img_699.png,square
img_700.png,square
img_701.png,rectangle
img_702.png,ellipse
img_703.png,ellipse
img_704.png,octagon
img_705.png,square
img_706.png,triangle
img_707.png,square
img_708.png,octagon
img_709.png,square
img_710.png,octagon
img_711.png,octagon
img_712.png,hexagon
img_713.png,rectangle
img_714.png,triangle
img_715.png,triangle
img_716.png,square
img_717.png,square
img_718.png,circle
img_719.png,circle
img_720.png,hexagon
img_721.png,triangle
img_722.png,ellipse
img_723.png,rectangle
img_724.png,octagon
img_725.png,square
img_726.png,circle
img_727.png,ellipse
img_728.png,circle
img_729.png,hexagon
img_730.png,circle
img_731.png,octagon
img_732.png,octagon
img_733.png,hexagon
img_734.png,hexagon
img_735.png,circle
img_736.png,triangle
img_737.png,triangle
img_738.png,octagon
img_739.png,circle
img_740.png,octagon
img_741.png,hexagon
img_742.png,octagon
img_743.png,circle
img_744.png,square
img_745.png,square
img_746.png,triangle
img_747.png,octagon
img_748.png,square
img_749.png,square
img_750.png,circle
img_751.png,octagon
img_752.png,rectangle
img_753.png,square
img_754.png,ellipse
img_755.png,ellipse
img_756.png,circle
img_757.png,octagon
img_758.png,octagon
img_759.png,octagon
img_760.png,rectangle
img_761.png,hexagon
img_762.png,triangle
img_763.png,triangle
img_764.png,rectangle
img_765.png,ellipse
img_766.png,triangle
img_767.png,square
img_768.png,square
img_769.png,square
img_770.png,hexagon
img_771.png,rectangle
img_772.png,circle
img_773.png,octagon
img_774.png,octagon
img_775.png,octagon
img_776.png,circle
img_777.png,rectangle
img_778.png,triangle
img_779.png,square
img_780.png,triangle
img_781.png,circle
img_782.png,square
img_783.png,square
img_784.png,square
img_785.png,ellipse
img_786.png,triangle
img_787.png,ellipse
img_788.png,triangle
img_789.png,hexagon
img_790.png,square
img_791.png,octagon
img_792.png,ellipse
img_793.png,hexagon
img_794.png,circle
img_795.png,circle
img_796.png,ellipse
img_797.png,octagon
img_798.png,ellipse
img_799.png,ellipse
img_800.png,triangle
img_801.png,ellipse
img_802.png,octagon
img_803.png,square
img_804.png,triangle
img_805.png,rectangle
img_806.png,triangle
img_807.png,square
img_808.png,rectangle
img_809.png,square
img_810.png,circle
img_811.png,octagon
img_812.png,ellipse
img_813.png,square
img_814.png,circle
img_815.png,triangle
img_816.png,triangle
img_817.png,octagon
img_818.png,rectangle
img_819.png,ellipse
img_820.png,circle
img_821.png,circle
img_822.png,octagon
img_823.png,circle
img_824.png,rectangle
img_825.png,triangle
img_826.png,octagon
img_827.png,circle
img_828.png,hexagon
img_829.png,square
img_830.png,triangle
img_831.png,hexagon
img_832.png,hexagon
img_833.png,circle
img_834.png,rectangle
img_835.png,hexagon
img_836.png,square
img_837.png,circle
img_838.png,octagon
img_839.png,rectangle
img_840.png,triangle
img_841.png,triangle
img_842.png,rectangle
img_843.png,ellipse
img_844.png,octagon
img_845.png,ellipse
img_846.png,square
img_847.png,circle
img_848.png,triangle
img_849.png,hexagon
img_850.png,octagon
img_851.png,rectangle
img_852.png,octagon
img_853.png,triangle
img_854.png,hexagon
img_855.png,octagon
img_856.png,octagon
img_857.png,octagon
img_858.png,ellipse
img_859.png,circle
img_860.png,square
img_861.png,octagon
img_862.png,octagon
img_863.png,rectangle
img_864.png,square
img_865.png,ellipse
img_866.png,circle
img_867.png,octagon
img_868.png,ellipse
img_869.png,ellipse
img_870.png,square
img_871.png,hexagon
img_872.png,rectangle
img_873.png,hexagon
img_874.png,hexagon
img_875.png,octagon
img_876.png,octagon
img_877.png,triangle
img_878.png,hexagon
img_879.png,hexagon
img_880.png,ellipse
img_881.png,hexagon
img_882.png,hexagon
img_883.png,triangle
img_884.png,square
img_885.png,octagon
img_886.png,rectangle
img_887.png,hexagon
img_888.png,rectangle
img_889.png,square
img_890.png,hexagon
img_891.png,circle
img_892.png,circle
img_893.png,hexagon
img_894.png,circle
img_895.png,hexagon
img_896.png,hexagon
img_897.png,square
img_898.png,ellipse
img_899.png,triangle
img_900.png,hexagon
img_901.png,triangle
img_902.png,triangle
img_903.png,ellipse
img_904.png,ellipse
img_905.png,rectangle
img_906.png,octagon
img_907.png,circle
img_908.png,square
img_909.png,rectangle
img_910.png,ellipse
img_911.png,rectangle
img_912.png,ellipse
img_913.png,circle
img_914.png,circle
img_915.png,ellipse
img_916.png,circle
img_917.png,hexagon
img_918.png,ellipse
img_919.png,hexagon
img_920.png,circle
img_921.png,triangle
img_922.png,ellipse
img_923.png,square
img_924.png,triangle
img_925.png,ellipse
img_926.png,triangle
img_927.png,rectangle
img_928.png,circle
img_929.png,rectangle
img_930.png,ellipse
img_931.png,triangle
img_932.png,hexagon
img_933.png,octagon
img_934.png,hexagon
img_935.png,ellipse
img_936.png,ellipse
img_937.png,octagon
img_938.png,hexagon
img_939.png,hexagon
img_940.png,ellipse
img_941.png,triangle
img_942.png,hexagon
img_943.png,triangle
img_944.png,square
img_945.png,triangle
img_946.png,triangle
img_947.png,ellipse
img_948.png,square
img_949.png,ellipse
img_950.png,triangle
img_951.png,square
img_952.png,circle
img_953.png,square
img_954.png,rectangle
img_955.png,rectangle
img_956.png,hexagon
img_957.png,hexagon
img_958.png,rectangle
img_959.png,ellipse
img_960.png,circle
img_961.png,square
img_962.png,circle
img_963.png,circle
img_964.png,ellipse
img_965.png,square
img_966.png,hexagon
img_967.png,circle
img_968.png,rectangle
img_969.png,hexagon
img_970.png,ellipse
img_971.png,circle
img_972.png,square
img_973.png,ellipse
img_974.png,circle
img_975.png,hexagon
img_976.png,square
img_977.png,octagon
img_978.png,circle
img_979.png,triangle
img_980.png,triangle
img_981.png,triangle
img_982.png,ellipse
img_983.png,triangle
img_984.png,circle
img_985.png,hexagon
img_986.png,ellipse
img_987.png,rectangle
img_988.png,rectangle
img_989.png,rectangle
img_990.png,rectangle
img_991.png,circle
img_992.png,square
img_993.png,ellipse
img_994.png,hexagon
img_995.png,hexagon
img_996.png,rectangle
img_997.png,square
img_998.png,octagon
img_999.png,circle
img_1000.png,octagon
img_1001.png,octagon
img_1002.png,octagon
img_1003.png,rectangle
img_1004.png,triangle
img_1005.png,hexagon
img_1006.png,triangle
img_1007.png,hexagon
img_1008.png,octagon
img_1009.png,ellipse
img_1010.png,ellipse
img_1011.png,square
img_1012.png,ellipse
img_1013.png,octagon
img_1014.png,rectangle
img_1015.png,rectangle
img_1016.png,square
img_1017.png,octagon
img_1018.png,rectangle
img_1019.png,rectangle
img_1020.png,square
img_1021.png,circle
img_1022.png,octagon
img_1023.png,square
img_1024.png,hexagon
img_1025.png,rectangle
img_1026.png,octagon
img_1027.png,ellipse
img_1028.png,rectangle
img_1029.png,circle
img_1030.png,circle
img_1031.png,ellipse
img_1032.png,square
img_1033.png,octagon
img_1034.png,octagon
img_1035.png,square
img_1036.png,triangle
img_1037.png,circle
img_1038.png,hexagon
img_1039.png,ellipse
img_1040.png,hexagon
img_1041.png,hexagon
img_1042.png,ellipse
img_1043.png,octagon
img_1044.png,triangle
img_1045.png,ellipse
img_1046.png,square
img_1047.png,ellipse
img_1048.png,octagon
img_1049.png,rectangle
img_1050.png,circle
img_1051.png,rectangle
img_1052.png,triangle
img_1053.png,circle
img_1054.png,octagon
img_1055.png,ellipse
img_1056.png,ellipse
img_1057.png,triangle
img_1058.png,square
img_1059.png,triangle
img_1060.png,hexagon
img_1061.png,octagon
img_1062.png,octagon
img_1063.png,circle
img_1064.png,ellipse
img_1065.png,square
img_1066.png,square
img_1067.png,circle
img_1068.png,square
img_1069.png,ellipse
img_1070.png,hexagon
img_1071.png,rectangle
img_1072.png,square
img_1073.png,circle
img_1074.png,octagon
img_1075.png,circle
img_1076.png,ellipse
img_1077.png,ellipse
img_1078.png,circle
img_1079.png,rectangle
img_1080.png,rectangle
img_1081.png,circle
img_1082.png,square
img_1083.png,triangle
img_1084.png,circle
img_1085.png,square
img_1086.png,hexagon
img_1087.png,octagon
img_1088.png,hexagon
img_1089.png,hexagon
img_1090.png,circle
img_1091.png,rectangle
img_1092.png,octagon
img_1093.png,octagon
img_1094.png,ellipse
img_1095.png,square
img_1096.png,ellipse
img_1097.png,hexagon
img_1098.png,ellipse
img_1099.png,circle
img_1100.png,rectangle
img_1101.png,rectangle
img_1102.png,ellipse
img_1103.png,rectangle
img_1104.png,circle
img_1105.png,triangle
img_1106.png,ellipse
img_1107.png,square
img_1108.png,octagon
img_1109.png,hexagon
img_1110.png,ellipse
img_1111.png,square
img_1112.png,rectangle
img_1113.png,triangle
img_1114.png,square
img_1115.png,triangle
img_1116.png,ellipse
img_1117.png,ellipse
img_1118.png,triangle
img_1119.png,triangle
img_1120.png,ellipse
img_1121.png,triangle
img_1122.png,ellipse
img_1123.png,circle
img_1124.png,hexagon
img_1125.png,ellipse
img_1126.png,triangle
img_1127.png,square
img_1128.png,square
img_1129.png,rectangle
img_1130.png,hexagon
img_1131.png,square
img_1132.png,triangle
img_1133.png,triangle
img_1134.png,circle
img_1135.png,square
img_1136.png,octagon
img_1137.png,triangle
img_1138.png,octagon
img_1139.png,square
img_1140.png,circle
img_1141.png,circle
img_1142.png,square
img_1143.png,octagon
img_1144.png,circle
img_1145.png,hexagon
img_1146.png,ellipse
img_1147.png,octagon
img_1148.png,circle
img_1149.png,ellipse
img_1150.png,square
img_1151.png,octagon
img_1152.png,circle
img_1153.png,octagon
img_1154.png,hexagon
img_1155.png,triangle
img_1156.png,triangle
img_1157.png,octagon
img_1158.png,hexagon
img_1159.png,octagon
img_1160.png,square
img_1161.png,hexagon
img_1162.png,ellipse
img_1163.png,triangle
img_1164.png,hexagon
img_1165.png,circle
img_1166.png,ellipse
img_1167.png,triangle
img_1168.png,circle
img_1169.png,octagon
img_1170.png,triangle
img_1171.png,circle
img_1172.png,rectangle
img_1173.png,ellipse
img_1174.png,triangle
img_1175.png,octagon
img_1176.png,ellipse
img_1177.png,rectangle
img_1178.png,ellipse
img_1179.png,square
img_1180.png,octagon
img_1181.png,octagon
img_1182.png,triangle
img_1183.png,octagon
img_1184.png,triangle
img_1185.png,circle
img_1186.png,square
img_1187.png,circle
img_1188.png,hexagon
img_1189.png,rectangle
img_1190.png,circle
img_1191.png,circle
img_1192.png,triangle
img_1193.png,hexagon
img_1194.png,circle
img_1195.png,rectangle
img_1196.png,rectangle
img_1197.png,circle
img_1198.png,ellipse
img_1199.png,circle
img_1200.png,rectangle
img_1201.png,circle
img_1202.png,ellipse
img_1203.png,hexagon
img_1204.png,square
img_1205.png,rectangle
img_1206.png,triangle
img_1207.png,triangle
img_1208.png,rectangle
img_1209.png,octagon
img_1210.png,triangle
img_1211.png,triangle
img_1212.png,square
img_1213.png,rectangle
img_1214.png,octagon
img_1215.png,triangle
img_1216.png,triangle
img_1217.png,ellipse
img_1218.png,rectangle
img_1219.png,octagon
img_1220.png,octagon
img_1221.png,circle
img_1222.png,triangle
img_1223.png,rectangle
img_1224.png,triangle
img_1225.png,square
img_1226.png,ellipse
img_1227.png,octagon
img_1228.png,triangle
img_1229.png,triangle
img_1230.png,triangle
img_1231.png,circle
img_1232.png,square
img_1233.png,circle
img_1234.png,triangle
img_1235.png,octagon
img_1236.png,circle
img_1237.png,hexagon
img_1238.png,circle
img_1239.png,circle
img_1240.png,circle
img_1241.png,rectangle
img_1242.png,rectangle
img_1243.png,circle
img_1244.png,circle
img_1245.png,ellipse
img_1246.png,rectangle
img_1247.png,ellipse
img_1248.png,square
img_1249.png,hexagon
img_1250.png,octagon
img_1251.png,rectangle
img_1252.png,circle
img_1253.png,square
img_1254.png,octagon
img_1255.png,hexagon
img_1256.png,square
img_1257.png,triangle
img_1258.png,hexagon
img_1259.png,ellipse
img_1260.png,triangle
img_1261.png,hexagon
img_1262.png,ellipse
img_1263.png,circle
img_1264.png,triangle
img_1265.png,ellipse
img_1266.png,ellipse
img_1267.png,triangle
img_1268.png,ellipse
img_1269.png,triangle
img_1270.png,circle
img_1271.png,rectangle
img_1272.png,square
img_1273.png,octagon
img_1274.png,ellipse
img_1275.png,square
img_1276.png,rectangle
img_1277.png,triangle
img_1278.png,square
img_1279.png,octagon
img_1280.png,circle
img_1281.png,square
img_1282.png,circle
img_1283.png,triangle
img_1284.png,square
img_1285.png,octagon
img_1286.png,rectangle
img_1287.png,ellipse
img_1288.png,octagon
img_1289.png,octagon
img_1290.png,square
img_1291.png,ellipse
img_1292.png,ellipse
img_1293.png,octagon
img_1294.png,square
img_1295.png,circle
img_1296.png,octagon
img_1297.png,octagon
img_1298.png,hexagon
img_1299.png,square
img_1300.png,square
img_1301.png,octagon
img_1302.png,hexagon
img_1303.png,ellipse
img_1304.png,rectangle
img_1305.png,triangle
img_1306.png,square
img_1307.png,square
img_1308.png,square
img_1309.png,rectangle
img_1310.png,triangle
img_1311.png,square
img_1312.png,hexagon
img_1313.png,hexagon
img_1314.png,octagon
img_1315.png,hexagon
img_1316.png,circle
img_1317.png,hexagon
img_1318.png,octagon
img_1319.png,octagon
img_1320.png,ellipse
img_1321.png,rectangle
img_1322.png,ellipse
img_1323.png,octagon
img_1324.png,rectangle
img_1325.png,rectangle
img_1326.png,octagon
img_1327.png,ellipse
img_1328.png,rectangle
img_1329.png,circle
img_1330.png,octagon
img_1331.png,circle
img_1332.png,hexagon
img_1333.png,rectangle
img_1334.png,octagon
img_1335.png,hexagon
img_1336.png,hexagon
img_1337.png,octagon
img_1338.png,circle
img_1339.png,rectangle
img_1340.png,rectangle
img_1341.png,octagon
img_1342.png,ellipse
img_1343.png,octagon
img_1344.png,square
img_1345.png,rectangle
img_1346.png,circle
img_1347.png,octagon
img_1348.png,triangle
img_1349.png,octagon
img_1350.png,square
img_1351.png,square
img_1352.png,hexagon
img_1353.png,triangle
img_1354.png,ellipse
img_1355.png,rectangle
img_1356.png,rectangle
img_1357.png,hexagon
img_1358.png,rectangle
img_1359.png,octagon
img_1360.png,hexagon
img_1361.png,triangle
img_1362.png,square
img_1363.png,rectangle
img_1364.png,triangle
img_1365.png,octagon
img_1366.png,circle
img_1367.png,ellipse
img_1368.png,square
img_1369.png,triangle
img_1370.png,hexagon
img_1371.png,octagon
img_1372.png,hexagon
img_1373.png,hexagon
img_1374.png,octagon
img_1375.png,triangle
img_1376.png,triangle
img_1377.png,rectangle
img_1378.png,ellipse
img_1379.png,ellipse
img_1380.png,rectangle
img_1381.png,ellipse
img_1382.png,square
img_1383.png,triangle
img_1384.png,rectangle
img_1385.png,circle
img_1386.png,rectangle
img_1387.png,square
img_1388.png,square
img_1389.png,circle
img_1390.png,ellipse
img_1391.png,hexagon
img_1392.png,circle
img_1393.png,triangle
img_1394.png,square
img_1395.png,square
img_1396.png,rectangle
img_1397.png,square
img_1398.png,hexagon
img_1399.png,hexagon
img_1400.png,ellipse
img_1401.png,ellipse
img_1402.png,octagon
img_1403.png,octagon
img_1404.png,octagon
img_1405.png,square
img_1406.png,ellipse
img_1407.png,square
img_1408.png,rectangle
img_1409.png,circle
img_1410.png,square
img_1411.png,hexagon
img_1412.png,triangle
img_1413.png,rectangle
img_1414.png,octagon
img_1415.png,square
img_1416.png,square
img_1417.png,square
img_1418.png,octagon
img_1419.png,circle
img_1420.png,circle
img_1421.png,hexagon
img_1422.png,square
img_1423.png,circle
img_1424.png,hexagon
img_1425.png,octagon
img_1426.png,circle
img_1427.png,hexagon
img_1428.png,ellipse
img_1429.png,triangle
img_1430.png,circle
img_1431.png,octagon
img_1432.png,ellipse
img_1433.png,rectangle
img_1434.png,hexagon
img_1435.png,circle
img_1436.png,circle
img_1437.png,circle
img_1438.png,triangle
img_1439.png,hexagon
img_1440.png,circle
img_1441.png,triangle
img_1442.png,triangle
img_1443.png,square
img_1444.png,hexagon
img_1445.png,ellipse
img_1446.png,hexagon
img_1447.png,triangle
img_1448.png,rectangle
img_1449.png,hexagon
img_1450.png,ellipse
img_1451.png,ellipse
img_1452.png,ellipse
img_1453.png,ellipse
img_1454.png,square
img_1455.png,octagon
img_1456.png,square
img_1457.png,ellipse
img_1458.png,rectangle
img_1459.png,square
img_1460.png,square
img_1461.png,hexagon
img_1462.png,rectangle
img_1463.png,circle
img_1464.png,square
img_1465.png,triangle
img_1466.png,triangle
img_1467.png,square
img_1468.png,octagon
img_1469.png,ellipse
img_1470.png,hexagon
img_1471.png,octagon
img_1472.png,ellipse
img_1473.png,octagon
img_1474.png,octagon
img_1475.png,hexagon
img_1476.png,ellipse
img_1477.png,circle
img_1478.png,ellipse
img_1479.png,octagon
img_1480.png,rectangle
img_1481.png,octagon
img_1482.png,rectangle
img_1483.png,octagon
img_1484.png,square
img_1485.png,square
img_1486.png,hexagon
img_1487.png,ellipse
img_1488.png,hexagon
img_1489.png,triangle
img_1490.png,triangle
img_1491.png,circle
img_1492.png,triangle
img_1493.png,circle
img_1494.png,octagon
img_1495.png,ellipse
img_1496.png,circle
img_1497.png,octagon
img_1498.png,triangle
img_1499.png,rectangle
img_1500.png,square
img_1501.png,octagon
img_1502.png,octagon
img_1503.png,octagon
img_1504.png,ellipse
img_1505.png,triangle
img_1506.png,ellipse
img_1507.png,octagon
img_1508.png,rectangle
img_1509.png,square
img_1510.png,square
img_1511.png,rectangle
img_1512.png,rectangle
img_1513.png,ellipse
img_1514.png,octagon
img_1515.png,octagon
img_1516.png,ellipse
img_1517.png,ellipse
img_1518.png,rectangle
img_1519.png,ellipse
img_1520.png,ellipse
img_1521.png,ellipse
img_1522.png,square
img_1523.png,triangle
img_1524.png,ellipse
img_1525.png,octagon
img_1526.png,rectangle
img_1527.png,circle
img_1528.png,square
img_1529.png,ellipse
img_1530.png,ellipse
img_1531.png,square
img_1532.png,ellipse
img_1533.png,triangle
img_1534.png,hexagon
img_1535.png,triangle
img_1536.png,circle
img_1537.png,hexagon
img_1538.png,square
img_1539.png,hexagon
img_1540.png,octagon
img_1541.png,ellipse
img_1542.png,circle
img_1543.png,ellipse
img_1544.png,circle
img_1545.png,octagon
img_1546.png,rectangle
img_1547.png,octagon
img_1548.png,square
img_1549.png,octagon
img_1550.png,square
img_1551.png,hexagon
img_1552.png,triangle
img_1553.png,hexagon
img_1554.png,square
img_1555.png,circle
img_1556.png,triangle
img_1557.png,ellipse
img_1558.png,octagon
img_1559.png,octagon
img_1560.png,circle
img_1561.png,hexagon
img_1562.png,hexagon
img_1563.png,circle
img_1564.png,hexagon
img_1565.png,rectangle
img_1566.png,square
img_1567.png,rectangle
img_1568.png,ellipse
img_1569.png,octagon
img_1570.png,rectangle
img_1571.png,circle
img_1572.png,circle
img_1573.png,hexagon
img_1574.png,octagon
img_1575.png,ellipse
img_1576.png,square
img_1577.png,octagon
img_1578.png,triangle
img_1579.png,ellipse
img_1580.png,rectangle
img_1581.png,square
img_1582.png,hexagon
img_1583.png,triangle
img_1584.png,octagon
img_1585.png,square
img_1586.png,circle
img_1587.png,rectangle
img_1588.png,ellipse
img_1589.png,rectangle
img_1590.png,square
img_1591.png,rectangle
img_1592.png,circle
img_1593.png,ellipse
img_1594.png,ellipse
img_1595.png,ellipse
img_1596.png,ellipse
img_1597.png,square
img_1598.png,hexagon
img_1599.png,circle
img_1600.png,ellipse
img_1601.png,ellipse
img_1602.png,rectangle
img_1603.png,octagon
img_1604.png,rectangle
img_1605.png,rectangle
img_1606.png,rectangle
img_1607.png,hexagon
img_1608.png,triangle
img_1609.png,triangle
img_1610.png,hexagon
img_1611.png,triangle
img_1612.png,triangle
img_1613.png,hexagon
img_1614.png,triangle
img_1615.png,rectangle
img_1616.png,octagon
img_1617.png,hexagon
img_1618.png,rectangle
img_1619.png,circle
img_1620.png,rectangle
img_1621.png,circle
img_1622.png,ellipse
img_1623.png,ellipse
img_1624.png,triangle
img_1625.png,octagon
img_1626.png,square
img_1627.png,octagon
img_1628.png,octagon
img_1629.png,ellipse
img_1630.png,triangle
img_1631.png,circle
img_1632.png,ellipse
img_1633.png,square
img_1634.png,ellipse
img_1635.png,octagon
img_1636.png,square
img_1637.png,circle
img_1638.png,hexagon
img_1639.png,circle
img_1640.png,rectangle
img_1641.png,octagon
img_1642.png,triangle
img_1643.png,triangle
img_1644.png,square
img_1645.png,hexagon
img_1646.png,square
img_1647.png,square
img_1648.png,triangle
img_1649.png,triangle
img_1650.png,ellipse
img_1651.png,octagon
img_1652.png,circle
img_1653.png,triangle
img_1654.png,rectangle
img_1655.png,triangle
img_1656.png,octagon
img_1657.png,square
img_1658.png,ellipse
img_1659.png,hexagon
img_1660.png,circle
img_1661.png,octagon
img_1662.png,rectangle
img_1663.png,rectangle
img_1664.png,rectangle
img_1665.png,hexagon
img_1666.png,hexagon
img_1667.png,ellipse
img_1668.png,ellipse
img_1669.png,square
img_1670.png,octagon
img_1671.png,rectangle
img_1672.png,hexagon
img_1673.png,triangle
img_1674.png,ellipse
img_1675.png,square
img_1676.png,rectangle
img_1677.png,ellipse
img_1678.png,square
img_1679.png,rectangle
img_1680.png,ellipse
img_1681.png,octagon
img_1682.png,octagon
img_1683.png,hexagon
img_1684.png,hexagon
img_1685.png,hexagon
img_1686.png,ellipse
img_1687.png,triangle
img_1688.png,octagon
img_1689.png,square
img_1690.png,circle
img_1691.png,hexagon
img_1692.png,hexagon
img_1693.png,rectangle
img_1694.png,rectangle
img_1695.png,triangle
img_1696.png,rectangle
img_1697.png,triangle
img_1698.png,rectangle
img_1699.png,triangle
img_1700.png,triangle
img_1701.png,octagon
img_1702.png,octagon
img_1703.png,circle
img_1704.png,rectangle
img_1705.png,octagon
img_1706.png,circle
img_1707.png,triangle
img_1708.png,octagon
img_1709.png,ellipse
img_1710.png,rectangle
img_1711.png,hexagon
img_1712.png,square
img_1713.png,rectangle
img_1714.png,ellipse
img_1715.png,triangle
img_1716.png,circle
img_1717.png,triangle
img_1718.png,octagon
img_1719.png,triangle
img_1720.png,octagon
img_1721.png,hexagon
img_1722.png,octagon
img_1723.png,square
img_1724.png,octagon
img_1725.png,hexagon
img_1726.png,rectangle
img_1727.png,square
img_1728.png,rectangle
img_1729.png,triangle
img_1730.png,hexagon
img_1731.png,circle
img_1732.png,ellipse
img_1733.png,square
img_1734.png,circle
img_1735.png,rectangle
img_1736.png,octagon
img_1737.png,octagon
img_1738.png,hexagon
img_1739.png,rectangle
img_1740.png,octagon
img_1741.png,hexagon
img_1742.png,triangle
img_1743.png,octagon
img_1744.png,octagon
img_1745.png,triangle
img_1746.png,triangle
img_1747.png,circle
img_1748.png,octagon
img_1749.png,hexagon
img_1750.png,hexagon
img_1751.png,square
img_1752.png,ellipse
img_1753.png,hexagon
img_1754.png,hexagon
img_1755.png,hexagon
img_1756.png,triangle
img_1757.png,triangle
img_1758.png,octagon
img_1759.png,hexagon
img_1760.png,triangle
img_1761.png,octagon
img_1762.png,octagon
img_1763.png,ellipse
img_1764.png,rectangle
img_1765.png,circle
img_1766.png,square
img_1767.png,octagon
img_1768.png,ellipse
img_1769.png,circle
img_1770.png,ellipse
img_1771.png,rectangle
img_1772.png,octagon
img_1773.png,octagon
img_1774.png,circle
img_1775.png,hexagon
img_1776.png,hexagon
img_1777.png,ellipse
img_1778.png,square
img_1779.png,octagon
img_1780.png,hexagon
img_1781.png,square
img_1782.png,square
img_1783.png,ellipse
img_1784.png,circle
img_1785.png,circle
img_1786.png,circle
img_1787.png,rectangle
img_1788.png,rectangle
img_1789.png,hexagon
img_1790.png,square
img_1791.png,octagon
img_1792.png,rectangle
img_1793.png,rectangle
img_1794.png,octagon
img_1795.png,ellipse
img_1796.png,rectangle
img_1797.png,ellipse
img_1798.png,hexagon
img_1799.png,circle
img_1800.png,circle
img_1801.png,ellipse
img_1802.png,triangle
img_1803.png,circle
img_1804.png,rectangle
img_1805.png,square
img_1806.png,hexagon
img_1807.png,octagon
img_1808.png,square
img_1809.png,square
img_1810.png,hexagon
img_1811.png,octagon
img_1812.png,square
img_1813.png,hexagon
img_1814.png,circle
img_1815.png,rectangle
img_1816.png,circle
img_1817.png,triangle
img_1818.png,hexagon
img_1819.png,square
img_1820.png,hexagon
img_1821.png,rectangle
img_1822.png,octagon
img_1823.png,octagon
img_1824.png,square
img_1825.png,hexagon
img_1826.png,hexagon
img_1827.png,rectangle
img_1828.png,ellipse
img_1829.png,ellipse
img_1830.png,circle
img_1831.png,octagon
img_1832.png,ellipse
img_1833.png,ellipse
img_1834.png,hexagon
img_1835.png,hexagon
img_1836.png,rectangle
img_1837.png,circle
img_1838.png,square
img_1839.png,octagon
img_1840.png,ellipse
img_1841.png,hexagon
img_1842.png,square
img_1843.png,square
img_1844.png,circle
img_1845.png,octagon
img_1846.png,hexagon
img_1847.png,rectangle
img_1848.png,triangle
img_1849.png,octagon
img_1850.png,hexagon
img_1851.png,triangle
img_1852.png,hexagon
img_1853.png,ellipse
img_1854.png,triangle
img_1855.png,circle
img_1856.png,hexagon
img_1857.png,square
img_1858.png,hexagon
img_1859.png,hexagon
img_1860.png,triangle
img_1861.png,octagon
img_1862.png,rectangle
img_1863.png,octagon
img_1864.png,hexagon
img_1865.png,rectangle
img_1866.png,triangle
img_1867.png,triangle
img_1868.png,square
img_1869.png,triangle
img_1870.png,rectangle
img_1871.png,rectangle
img_1872.png,square
img_1873.png,hexagon
img_1874.png,triangle
img_1875.png,square
img_1876.png,hexagon
img_1877.png,octagon
img_1878.png,square
img_1879.png,ellipse
img_1880.png,hexagon
img_1881.png,octagon
img_1882.png,circle
img_1883.png,rectangle
img_1884.png,ellipse
img_1885.png,square
img_1886.png,hexagon
img_1887.png,ellipse
img_1888.png,hexagon
img_1889.png,triangle
img_1890.png,triangle
img_1891.png,square
img_1892.png,octagon
img_1893.png,octagon
img_1894.png,triangle
img_1895.png,hexagon
img_1896.png,hexagon
img_1897.png,octagon
img_1898.png,rectangle
img_1899.png,ellipse
img_1900.png,square
img_1901.png,square
img_1902.png,octagon
img_1903.png,circle
img_1904.png,hexagon
img_1905.png,rectangle
img_1906.png,triangle
img_1907.png,ellipse
img_1908.png,ellipse
img_1909.png,octagon
img_1910.png,rectangle
img_1911.png,rectangle
img_1912.png,ellipse
img_1913.png,ellipse
img_1914.png,ellipse
img_1915.png,rectangle
img_1916.png,octagon
img_1917.png,hexagon
img_1918.png,circle
img_1919.png,square
img_1920.png,circle
img_1921.png,triangle
img_1922.png,rectangle
img_1923.png,hexagon
img_1924.png,octagon
img_1925.png,square
img_1926.png,ellipse
img_1927.png,octagon
img_1928.png,rectangle
img_1929.png,triangle
img_1930.png,hexagon
img_1931.png,triangle
img_1932.png,ellipse
img_1933.png,octagon
img_1934.png,triangle
img_1935.png,rectangle
img_1936.png,ellipse
img_1937.png,ellipse
img_1938.png,square
img_1939.png,octagon
img_1940.png,hexagon
img_1941.png,rectangle
img_1942.png,square
img_1943.png,square
img_1944.png,octagon
img_1945.png,hexagon
img_1946.png,ellipse
img_1947.png,triangle
img_1948.png,ellipse
img_1949.png,circle
img_1950.png,ellipse
img_1951.png,square
img_1952.png,square
img_1953.png,rectangle
img_1954.png,circle
img_1955.png,square
img_1956.png,circle
img_1957.png,ellipse
img_1958.png,hexagon
img_1959.png,ellipse
img_1960.png,ellipse
img_1961.png,hexagon
img_1962.png,circle
img_1963.png,octagon
img_1964.png,circle
img_1965.png,rectangle
img_1966.png,ellipse
img_1967.png,ellipse
img_1968.png,circle
img_1969.png,hexagon
img_1970.png,rectangle
img_1971.png,ellipse
img_1972.png,square
img_1973.png,circle
img_1974.png,rectangle
img_1975.png,ellipse
img_1976.png,octagon
img_1977.png,square
img_1978.png,square
img_1979.png,hexagon
img_1980.png,ellipse
img_1981.png,triangle
img_1982.png,square
img_1983.png,hexagon
img_1984.png,circle
img_1985.png,triangle
img_1986.png,triangle
img_1987.png,ellipse
img_1988.png,octagon
img_1989.png,ellipse
img_1990.png,ellipse
img_1991.png,circle
img_1992.png,square
img_1993.png,rectangle
img_1994.png,rectangle
img_1995.png,hexagon
img_1996.png,triangle
img_1997.png,octagon
img_1998.png,rectangle
img_1999.png,triangle
img_2000.png,triangle
img_2001.png,square
img_2002.png,rectangle
img_2003.png,circle
img_2004.png,rectangle
img_2005.png,octagon
img_2006.png,square
img_2007.png,square
img_2008.png,square
img_2009.png,triangle
img_2010.png,hexagon
img_2011.png,rectangle
img_2012.png,hexagon
img_2013.png,rectangle
img_2014.png,triangle
img_2015.png,rectangle
img_2016.png,circle
img_2017.png,triangle
img_2018.png,ellipse
img_2019.png,triangle
img_2020.png,hexagon
img_2021.png,square
img_2022.png,hexagon
img_2023.png,octagon
img_2024.png,rectangle
img_2025.png,square
img_2026.png,rectangle
img_2027.png,ellipse
img_2028.png,square
img_2029.png,triangle
img_2030.png,rectangle
img_2031.png,hexagon
img_2032.png,ellipse
img_2033.png,circle
img_2034.png,hexagon
img_2035.png,square
img_2036.png,ellipse
img_2037.png,octagon
img_2038.png,octagon
img_2039.png,ellipse
img_2040.png,square
img_2041.png,ellipse
img_2042.png,ellipse
img_2043.png,ellipse
img_2044.png,circle
img_2045.png,octagon
img_2046.png,rectangle
img_2047.png,triangle
img_2048.png,octagon
img_2049.png,triangle
img_2050.png,rectangle
img_2051.png,triangle
img_2052.png,square
img_2053.png,rectangle
img_2054.png,hexagon
img_2055.png,square
img_2056.png,ellipse
img_2057.png,octagon
img_2058.png,hexagon
img_2059.png,hexagon
img_2060.png,square
img_2061.png,rectangle
img_2062.png,rectangle
img_2063.png,hexagon
img_2064.png,rectangle
img_2065.png,circle
img_2066.png,triangle
img_2067.png,square
img_2068.png,rectangle
img_2069.png,hexagon
img_2070.png,ellipse
img_2071.png,ellipse
img_2072.png,square
img_2073.png,ellipse
img_2074.png,ellipse
img_2075.png,hexagon
img_2076.png,circle
img_2077.png,square
img_2078.png,rectangle
img_2079.png,square
img_2080.png,square
img_2081.png,rectangle
img_2082.png,square
img_2083.png,ellipse
img_2084.png,octagon
img_2085.png,rectangle
img_2086.png,triangle
img_2087.png,rectangle
img_2088.png,rectangle
img_2089.png,triangle
img_2090.png,rectangle
img_2091.png,circle
img_2092.png,octagon
img_2093.png,rectangle
img_2094.png,ellipse
img_2095.png,triangle
img_2096.png,rectangle
img_2097.png,circle
img_2098.png,rectangle
img_2099.png,rectangle
img_2100.png,triangle
img_2101.png,octagon
img_2102.png,circle
img_2103.png,circle
img_2104.png,hexagon
img_2105.png,hexagon
img_2106.png,circle
img_2107.png,rectangle
img_2108.png,triangle
img_2109.png,triangle
img_2110.png,square
img_2111.png,triangle
img_2112.png,square
img_2113.png,octagon
img_2114.png,square
img_2115.png,rectangle
img_2116.png,hexagon
img_2117.png,square
img_2118.png,triangle
img_2119.png,rectangle
img_2120.png,hexagon
img_2121.png,circle
img_2122.png,triangle
img_2123.png,hexagon
img_2124.png,rectangle
img_2125.png,triangle
img_2126.png,square
img_2127.png,circle
img_2128.png,circle
img_2129.png,circle
img_2130.png,hexagon
img_2131.png,ellipse
img_2132.png,square
img_2133.png,square
img_2134.png,hexagon
img_2135.png,octagon
img_2136.png,square
img_2137.png,rectangle
img_2138.png,ellipse
img_2139.png,octagon
img_2140.png,octagon
img_2141.png,octagon
img_2142.png,rectangle
img_2143.png,rectangle
img_2144.png,square
img_2145.png,rectangle
img_2146.png,rectangle
img_2147.png,triangle
img_2148.png,ellipse
img_2149.png,octagon
img_2150.png,octagon
img_2151.png,square
img_2152.png,octagon
img_2153.png,triangle
img_2154.png,square
img_2155.png,square
img_2156.png,square
img_2157.png,square
img_2158.png,triangle
img_2159.png,circle
img_2160.png,octagon
img_2161.png,rectangle
img_2162.png,triangle
img_2163.png,circle
img_2164.png,octagon
img_2165.png,triangle
img_2166.png,octagon
img_2167.png,square
img_2168.png,square
img_2169.png,octagon
img_2170.png,circle
img_2171.png,hexagon
img_2172.png,hexagon
img_2173.png,ellipse
img_2174.png,triangle
img_2175.png,triangle
img_2176.png,ellipse
img_2177.png,octagon
img_2178.png,triangle
img_2179.png,triangle
img_2180.png,ellipse
img_2181.png,triangle
img_2182.png,square
img_2183.png,ellipse
img_2184.png,square
img_2185.png,square
img_2186.png,ellipse
img_2187.png,rectangle
img_2188.png,ellipse
img_2189.png,hexagon
img_2190.png,circle
img_2191.png,triangle
img_2192.png,octagon
img_2193.png,circle
img_2194.png,square
img_2195.png,rectangle
img_2196.png,circle
img_2197.png,octagon
img_2198.png,octagon
img_2199.png,square
img_2200.png,circle
img_2201.png,triangle
img_2202.png,octagon
img_2203.png,hexagon
img_2204.png,square
img_2205.png,ellipse
img_2206.png,square
img_2207.png,octagon
img_2208.png,hexagon
img_2209.png,circle
img_2210.png,circle
img_2211.png,rectangle
img_2212.png,circle
img_2213.png,rectangle
img_2214.png,triangle
img_2215.png,circle
img_2216.png,circle
img_2217.png,circle
img_2218.png,hexagon
img_2219.png,rectangle
img_2220.png,hexagon
img_2221.png,hexagon
img_2222.png,ellipse
img_2223.png,octagon
img_2224.png,octagon
img_2225.png,triangle
img_2226.png,triangle
img_2227.png,circle
img_2228.png,hexagon
img_2229.png,octagon
img_2230.png,hexagon
img_2231.png,octagon
img_2232.png,rectangle
img_2233.png,square
img_2234.png,circle
img_2235.png,circle
img_2236.png,circle
img_2237.png,octagon
img_2238.png,square
img_2239.png,circle
img_2240.png,triangle
img_2241.png,ellipse
img_2242.png,rectangle
img_2243.png,circle
img_2244.png,circle
img_2245.png,triangle
img_2246.png,triangle
img_2247.png,square
img_2248.png,circle
img_2249.png,rectangle
img_2250.png,ellipse
img_2251.png,octagon
img_2252.png,ellipse
img_2253.png,square
img_2254.png,ellipse
img_2255.png,octagon
img_2256.png,ellipse
img_2257.png,octagon
img_2258.png,octagon
img_2259.png,rectangle
img_2260.png,ellipse
img_2261.png,rectangle
img_2262.png,square
img_2263.png,ellipse
img_2264.png,circle
img_2265.png,triangle
img_2266.png,octagon
img_2267.png,octagon
img_2268.png,square
img_2269.png,circle
img_2270.png,square
img_2271.png,octagon
img_2272.png,rectangle
img_2273.png,octagon
img_2274.png,rectangle
img_2275.png,rectangle
img_2276.png,square
img_2277.png,octagon
img_2278.png,rectangle
img_2279.png,hexagon
img_2280.png,ellipse
img_2281.png,triangle
img_2282.png,rectangle
img_2283.png,hexagon
img_2284.png,square
img_2285.png,octagon
img_2286.png,hexagon
img_2287.png,square
img_2288.png,hexagon
img_2289.png,triangle
img_2290.png,hexagon
img_2291.png,square
img_2292.png,ellipse
img_2293.png,octagon
img_2294.png,octagon
img_2295.png,circle
img_2296.png,triangle
img_2297.png,triangle
img_2298.png,rectangle
img_2299.png,rectangle
img_2300.png,ellipse
img_2301.png,triangle
img_2302.png,square
img_2303.png,rectangle
img_2304.png,rectangle
img_2305.png,square
img_2306.png,square
img_2307.png,rectangle
img_2308.png,circle
img_2309.png,ellipse
img_2310.png,circle
img_2311.png,square
img_2312.png,hexagon
img_2313.png,hexagon
img_2314.png,rectangle
img_2315.png,square
img_2316.png,triangle
img_2317.png,hexagon
img_2318.png,triangle
img_2319.png,square
img_2320.png,ellipse
img_2321.png,circle
img_2322.png,hexagon
img_2323.png,triangle
img_2324.png,ellipse
img_2325.png,triangle
img_2326.png,triangle
img_2327.png,rectangle
img_2328.png,ellipse
img_2329.png,square
img_2330.png,octagon
img_2331.png,hexagon
img_2332.png,triangle
img_2333.png,hexagon
img_2334.png,hexagon
img_2335.png,triangle
img_2336.png,ellipse
img_2337.png,ellipse
img_2338.png,rectangle
img_2339.png,circle
img_2340.png,square
img_2341.png,circle
img_2342.png,square
img_2343.png,ellipse
img_2344.png,hexagon
img_2345.png,rectangle
img_2346.png,triangle
img_2347.png,ellipse
img_2348.png,triangle
img_2349.png,rectangle
img_2350.png,hexagon
img_2351.png,octagon
img_2352.png,circle
img_2353.png,rectangle
img_2354.png,rectangle
img_2355.png,octagon
img_2356.png,square
img_2357.png,rectangle
img_2358.png,octagon
img_2359.png,rectangle
img_2360.png,square
img_2361.png,octagon
img_2362.png,triangle
img_2363.png,ellipse
img_2364.png,ellipse
img_2365.png,triangle
img_2366.png,hexagon
img_2367.png,triangle
img_2368.png,hexagon
img_2369.png,ellipse
img_2370.png,ellipse
img_2371.png,hexagon
img_2372.png,triangle
img_2373.png,ellipse
img_2374.png,triangle
img_2375.png,rectangle
img_2376.png,square
img_2377.png,square
img_2378.png,rectangle
img_2379.png,hexagon
img_2380.png,ellipse
img_2381.png,ellipse
img_2382.png,triangle
img_2383.png,octagon
img_2384.png,octagon
img_2385.png,circle
img_2386.png,octagon
img_2387.png,square
img_2388.png,hexagon
img_2389.png,square
img_2390.png,square
img_2391.png,triangle
img_2392.png,triangle
img_2393.png,circle
img_2394.png,triangle
img_2395.png,hexagon
img_2396.png,circle
img_2397.png,triangle
img_2398.png,circle
img_2399.png,rectangle
img_2400.png,circle
img_2401.png,rectangle
img_2402.png,square
img_2403.png,circle
img_2404.png,octagon
img_2405.png,hexagon
img_2406.png,circle
img_2407.png,triangle
img_2408.png,ellipse
img_2409.png,octagon
img_2410.png,triangle
img_2411.png,octagon
img_2412.png,octagon
img_2413.png,rectangle
img_2414.png,rectangle
img_2415.png,hexagon
img_2416.png,circle
img_2417.png,triangle
img_2418.png,square
img_2419.png,triangle
img_2420.png,hexagon
img_2421.png,octagon
img_2422.png,hexagon
img_2423.png,circle
img_2424.png,square
img_2425.png,circle
img_2426.png,octagon
img_2427.png,circle
img_2428.png,rectangle
img_2429.png,octagon
img_2430.png,rectangle
img_2431.png,circle
img_2432.png,triangle
img_2433.png,ellipse
img_2434.png,ellipse
img_2435.png,ellipse
img_2436.png,circle
img_2437.png,triangle
img_2438.png,rectangle
img_2439.png,triangle
img_2440.png,ellipse
img_2441.png,ellipse
img_2442.png,square
img_2443.png,rectangle
img_2444.png,triangle
img_2445.png,hexagon
img_2446.png,square
img_2447.png,square
img_2448.png,octagon
img_2449.png,circle
img_2450.png,rectangle
img_2451.png,hexagon
img_2452.png,ellipse
img_2453.png,circle
img_2454.png,rectangle
img_2455.png,octagon
img_2456.png,hexagon
img_2457.png,triangle
img_2458.png,rectangle
img_2459.png,triangle
img_2460.png,octagon
img_2461.png,rectangle
img_2462.png,square
img_2463.png,circle
img_2464.png,hexagon
img_2465.png,square
img_2466.png,ellipse
img_2467.png,rectangle
img_2468.png,hexagon
img_2469.png,circle
img_2470.png,circle
img_2471.png,hexagon
img_2472.png,circle
img_2473.png,octagon
img_2474.png,hexagon
img_2475.png,hexagon
img_2476.png,ellipse
img_2477.png,rectangle
img_2478.png,circle
img_2479.png,rectangle
img_2480.png,triangle
img_2481.png,ellipse
img_2482.png,hexagon
img_2483.png,triangle
img_2484.png,triangle
img_2485.png,hexagon
img_2486.png,circle
img_2487.png,ellipse
img_2488.png,square
img_2489.png,square
img_2490.png,triangle
img_2491.png,triangle
img_2492.png,hexagon
img_2493.png,hexagon
img_2494.png,square
img_2495.png,hexagon
img_2496.png,hexagon
img_2497.png,rectangle
img_2498.png,square
img_2499.png,triangle
img_2500.png,ellipse
img_2501.png,circle
img_2502.png,octagon
img_2503.png,hexagon
img_2504.png,circle
img_2505.png,ellipse
img_2506.png,circle
img_2507.png,triangle
img_2508.png,octagon
img_2509.png,square
img_2510.png,octagon
img_2511.png,square
img_2512.png,triangle
img_2513.png,octagon
img_2514.png,ellipse
img_2515.png,hexagon
img_2516.png,square
img_2517.png,ellipse
img_2518.png,octagon
img_2519.png,circle
img_2520.png,hexagon
img_2521.png,ellipse
img_2522.png,octagon
img_2523.png,hexagon
img_2524.png,rectangle
img_2525.png,square
img_2526.png,circle
img_2527.png,square
img_2528.png,square
img_2529.png,circle
img_2530.png,triangle
img_2531.png,ellipse
img_2532.png,ellipse
img_2533.png,square
img_2534.png,circle
img_2535.png,rectangle
img_2536.png,triangle
img_2537.png,ellipse
img_2538.png,ellipse
img_2539.png,triangle
img_2540.png,hexagon
img_2541.png,circle
img_2542.png,triangle
img_2543.png,triangle
img_2544.png,circle
img_2545.png,rectangle
img_2546.png,circle
img_2547.png,square
img_2548.png,circle
img_2549.png,hexagon
img_2550.png,triangle
img_2551.png,circle
img_2552.png,hexagon
img_2553.png,ellipse
img_2554.png,hexagon
img_2555.png,octagon
img_2556.png,circle
img_2557.png,triangle
img_2558.png,ellipse
img_2559.png,triangle
img_2560.png,ellipse
img_2561.png,circle
img_2562.png,ellipse
img_2563.png,rectangle
img_2564.png,octagon
img_2565.png,ellipse
img_2566.png,ellipse
img_2567.png,square
img_2568.png,rectangle
img_2569.png,triangle
img_2570.png,ellipse
img_2571.png,triangle
img_2572.png,hexagon
img_2573.png,ellipse
img_2574.png,circle
img_2575.png,triangle
img_2576.png,square
img_2577.png,ellipse
img_2578.png,ellipse
img_2579.png,circle
img_2580.png,square
img_2581.png,triangle
img_2582.png,circle
img_2583.png,octagon
img_2584.png,circle
img_2585.png,triangle
img_2586.png,hexagon
img_2587.png,triangle
img_2588.png,ellipse
img_2589.png,triangle
img_2590.png,circle
img_2591.png,triangle
img_2592.png,octagon
img_2593.png,triangle
img_2594.png,square
img_2595.png,circle
img_2596.png,triangle
img_2597.png,octagon
img_2598.png,triangle
img_2599.png,square
img_2600.png,circle
img_2601.png,triangle
img_2602.png,ellipse
img_2603.png,square
img_2604.png,rectangle
img_2605.png,circle
img_2606.png,square
img_2607.png,hexagon
img_2608.png,hexagon
img_2609.png,ellipse
img_2610.png,triangle
img_2611.png,octagon
img_2612.png,ellipse
img_2613.png,ellipse
img_2614.png,square
img_2615.png,circle
img_2616.png,circle
img_2617.png,ellipse
img_2618.png,hexagon
img_2619.png,rectangle
img_2620.png,circle
img_2621.png,rectangle
img_2622.png,rectangle
img_2623.png,octagon
img_2624.png,triangle
img_2625.png,ellipse
img_2626.png,rectangle
img_2627.png,square
img_2628.png,hexagon
img_2629.png,octagon
img_2630.png,triangle
img_2631.png,octagon
img_2632.png,square
img_2633.png,octagon
img_2634.png,square
img_2635.png,octagon
img_2636.png,square
img_2637.png,triangle
img_2638.png,hexagon
img_2639.png,triangle
img_2640.png,circle
img_2641.png,triangle
img_2642.png,triangle
img_2643.png,hexagon
img_2644.png,octagon
img_2645.png,hexagon
img_2646.png,octagon
img_2647.png,rectangle
img_2648.png,ellipse
img_2649.png,rectangle
img_2650.png,hexagon
img_2651.png,ellipse
img_2652.png,rectangle
img_2653.png,triangle
img_2654.png,circle
img_2655.png,ellipse
img_2656.png,square
img_2657.png,triangle
img_2658.png,ellipse
img_2659.png,square
img_2660.png,rectangle
img_2661.png,circle
img_2662.png,octagon
img_2663.png,triangle
img_2664.png,circle
img_2665.png,triangle
img_2666.png,ellipse
img_2667.png,octagon
img_2668.png,octagon
img_2669.png,hexagon
img_2670.png,hexagon
img_2671.png,hexagon
img_2672.png,octagon
img_2673.png,octagon
img_2674.png,square
img_2675.png,ellipse
img_2676.png,rectangle
img_2677.png,hexagon
img_2678.png,triangle
img_2679.png,square
img_2680.png,circle
img_2681.png,triangle
img_2682.png,hexagon
img_2683.png,hexagon
img_2684.png,hexagon
img_2685.png,octagon
img_2686.png,rectangle
img_2687.png,circle
img_2688.png,octagon
img_2689.png,square
img_2690.png,square
img_2691.png,triangle
img_2692.png,square
img_2693.png,circle
img_2694.png,rectangle
img_2695.png,triangle
img_2696.png,ellipse
img_2697.png,hexagon
img_2698.png,circle
img_2699.png,hexagon
img_2700.png,hexagon
img_2701.png,ellipse
img_2702.png,rectangle
img_2703.png,triangle
img_2704.png,ellipse
img_2705.png,circle
img_2706.png,circle
img_2707.png,triangle
img_2708.png,triangle
img_2709.png,ellipse
img_2710.png,hexagon
img_2711.png,triangle
img_2712.png,rectangle
img_2713.png,triangle
img_2714.png,square
img_2715.png,triangle
img_2716.png,triangle
img_2717.png,hexagon
img_2718.png,triangle
img_2719.png,square
img_2720.png,square
img_2721.png,square
img_2722.png,circle
img_2723.png,rectangle
img_2724.png,triangle
img_2725.png,rectangle
img_2726.png,hexagon
img_2727.png,ellipse
img_2728.png,octagon
img_2729.png,square
img_2730.png,octagon
img_2731.png,hexagon
img_2732.png,hexagon
img_2733.png,hexagon
img_2734.png,rectangle
img_2735.png,hexagon
img_2736.png,square
img_2737.png,rectangle
img_2738.png,triangle
img_2739.png,circle
img_2740.png,square
img_2741.png,triangle
img_2742.png,square
img_2743.png,octagon
img_2744.png,circle
img_2745.png,circle
img_2746.png,octagon
img_2747.png,hexagon
img_2748.png,hexagon
img_2749.png,circle
img_2750.png,octagon
img_2751.png,hexagon
img_2752.png,hexagon
img_2753.png,triangle
img_2754.png,rectangle
img_2755.png,square
img_2756.png,rectangle
img_2757.png,rectangle
img_2758.png,octagon
img_2759.png,octagon
img_2760.png,octagon
img_2761.png,octagon
img_2762.png,ellipse
img_2763.png,octagon
img_2764.png,octagon
img_2765.png,square
img_2766.png,rectangle
img_2767.png,rectangle
img_2768.png,square
img_2769.png,square
img_2770.png,square
img_2771.png,rectangle
img_2772.png,octagon
img_2773.png,triangle
img_2774.png,ellipse
img_2775.png,octagon
img_2776.png,circle
img_2777.png,rectangle
img_2778.png,rectangle
img_2779.png,rectangle
img_2780.png,octagon
img_2781.png,hexagon
img_2782.png,rectangle
img_2783.png,triangle
img_2784.png,octagon
img_2785.png,square
img_2786.png,square
img_2787.png,square
img_2788.png,octagon
img_2789.png,triangle
img_2790.png,circle
img_2791.png,square
img_2792.png,triangle
img_2793.png,triangle
img_2794.png,octagon
img_2795.png,ellipse
img_2796.png,octagon
img_2797.png,octagon
img_2798.png,circle
img_2799.png,ellipse
img_2800.png,hexagon
img_2801.png,octagon
img_2802.png,rectangle
img_2803.png,rectangle
img_2804.png,ellipse
img_2805.png,triangle
img_2806.png,circle
img_2807.png,circle
img_2808.png,octagon
img_2809.png,triangle
img_2810.png,square
img_2811.png,circle
img_2812.png,square
img_2813.png,rectangle
img_2814.png,triangle
img_2815.png,hexagon
img_2816.png,square
img_2817.png,ellipse
img_2818.png,ellipse
img_2819.png,octagon
img_2820.png,octagon
img_2821.png,rectangle
img_2822.png,rectangle
img_2823.png,octagon
img_2824.png,ellipse
img_2825.png,square
img_2826.png,rectangle
img_2827.png,ellipse
img_2828.png,circle
img_2829.png,octagon
img_2830.png,rectangle
img_2831.png,rectangle
img_2832.png,rectangle
img_2833.png,circle
img_2834.png,square
img_2835.png,ellipse
img_2836.png,rectangle
img_2837.png,hexagon
img_2838.png,triangle
img_2839.png,rectangle
img_2840.png,ellipse
img_2841.png,triangle
img_2842.png,hexagon
img_2843.png,triangle
img_2844.png,octagon
img_2845.png,square
img_2846.png,hexagon
img_2847.png,square
img_2848.png,triangle
img_2849.png,triangle
img_2850.png,ellipse
img_2851.png,rectangle
img_2852.png,triangle
img_2853.png,octagon
img_2854.png,circle
img_2855.png,circle
img_2856.png,circle
img_2857.png,circle
img_2858.png,hexagon
img_2859.png,octagon
img_2860.png,hexagon
img_2861.png,triangle
img_2862.png,octagon
img_2863.png,circle
img_2864.png,triangle
img_2865.png,ellipse
img_2866.png,hexagon
img_2867.png,square
img_2868.png,octagon
img_2869.png,ellipse
img_2870.png,rectangle
img_2871.png,octagon
img_2872.png,square
img_2873.png,circle
img_2874.png,square
img_2875.png,hexagon
img_2876.png,ellipse
img_2877.png,octagon
img_2878.png,hexagon
img_2879.png,circle
img_2880.png,ellipse
img_2881.png,rectangle
img_2882.png,triangle
img_2883.png,hexagon
img_2884.png,square
img_2885.png,rectangle
img_2886.png,triangle
img_2887.png,hexagon
img_2888.png,circle
img_2889.png,square
img_2890.png,square
img_2891.png,hexagon
img_2892.png,triangle
img_2893.png,square
img_2894.png,square
img_2895.png,ellipse
img_2896.png,ellipse
img_2897.png,hexagon
img_2898.png,ellipse
img_2899.png,ellipse
img_2900.png,hexagon
img_2901.png,rectangle
img_2902.png,ellipse
img_2903.png,rectangle
img_2904.png,square
img_2905.png,circle
img_2906.png,square
img_2907.png,rectangle
img_2908.png,square
img_2909.png,hexagon
img_2910.png,circle
img_2911.png,circle
img_2912.png,rectangle
img_2913.png,square
img_2914.png,octagon
img_2915.png,circle
img_2916.png,rectangle
img_2917.png,rectangle
img_2918.png,square
img_2919.png,octagon
img_2920.png,ellipse
img_2921.png,ellipse
img_2922.png,hexagon
img_2923.png,triangle
img_2924.png,triangle
img_2925.png,hexagon
img_2926.png,hexagon
img_2927.png,octagon
img_2928.png,octagon
img_2929.png,octagon
img_2930.png,octagon
img_2931.png,square
img_2932.png,octagon
img_2933.png,square
img_2934.png,circle
img_2935.png,square
img_2936.png,hexagon
img_2937.png,triangle
img_2938.png,square
img_2939.png,hexagon
img_2940.png,hexagon
img_2941.png,triangle
img_2942.png,triangle
img_2943.png,circle
img_2944.png,circle
img_2945.png,triangle
img_2946.png,ellipse
img_2947.png,hexagon
img_2948.png,circle
img_2949.png,hexagon
img_2950.png,octagon
img_2951.png,square
img_2952.png,hexagon
img_2953.png,rectangle
img_2954.png,ellipse
img_2955.png,square
img_2956.png,square
img_2957.png,ellipse
img_2958.png,octagon
img_2959.png,octagon
img_2960.png,rectangle
img_2961.png,ellipse
img_2962.png,hexagon
img_2963.png,ellipse
img_2964.png,octagon
img_2965.png,octagon
img_2966.png,octagon
img_2967.png,octagon
img_2968.png,octagon
img_2969.png,octagon
img_2970.png,rectangle
img_2971.png,hexagon
img_2972.png,ellipse
img_2973.png,circle
img_2974.png,circle
img_2975.png,octagon
img_2976.png,rectangle
img_2977.png,triangle
img_2978.png,hexagon
img_2979.png,hexagon
img_2980.png,circle
img_2981.png,hexagon
img_2982.png,ellipse
img_2983.png,hexagon
img_2984.png,ellipse
img_2985.png,octagon
img_2986.png,octagon
img_2987.png,rectangle
img_2988.png,ellipse
img_2989.png,square
img_2990.png,circle
img_2991.png,ellipse
img_2992.png,hexagon
img_2993.png,circle
img_2994.png,circle
img_2995.png,triangle
img_2996.png,square
img_2997.png,square
img_2998.png,hexagon
img_2999.png,triangle
img_3000.png,hexagon
img_3001.png,triangle
img_3002.png,square
img_3003.png,rectangle
img_3004.png,rectangle
img_3005.png,octagon
img_3006.png,rectangle
img_3007.png,ellipse
img_3008.png,hexagon
img_3009.png,hexagon
img_3010.png,octagon
img_3011.png,octagon
img_3012.png,circle
img_3013.png,circle
img_3014.png,square
img_3015.png,rectangle
img_3016.png,ellipse
img_3017.png,square
img_3018.png,hexagon
img_3019.png,hexagon
img_3020.png,square
img_3021.png,triangle
img_3022.png,hexagon
img_3023.png,rectangle
img_3024.png,square
img_3025.png,triangle
img_3026.png,circle
img_3027.png,square
img_3028.png,octagon
img_3029.png,rectangle
img_3030.png,ellipse
img_3031.png,triangle
img_3032.png,hexagon
img_3033.png,circle
img_3034.png,hexagon
img_3035.png,hexagon
img_3036.png,octagon
img_3037.png,ellipse
img_3038.png,hexagon
img_3039.png,circle
img_3040.png,circle
img_3041.png,rectangle
img_3042.png,hexagon
img_3043.png,circle
img_3044.png,hexagon
img_3045.png,square
img_3046.png,ellipse
img_3047.png,circle
img_3048.png,ellipse
img_3049.png,ellipse
img_3050.png,square
img_3051.png,ellipse
img_3052.png,octagon
img_3053.png,square
img_3054.png,octagon
img_3055.png,rectangle
img_3056.png,hexagon
img_3057.png,ellipse
img_3058.png,square
img_3059.png,square
img_3060.png,ellipse
img_3061.png,hexagon
img_3062.png,square
img_3063.png,ellipse
img_3064.png,rectangle
img_3065.png,octagon
img_3066.png,rectangle
img_3067.png,triangle
img_3068.png,square
img_3069.png,square
img_3070.png,rectangle
img_3071.png,square
img_3072.png,octagon
img_3073.png,circle
img_3074.png,octagon
img_3075.png,hexagon
img_3076.png,ellipse
img_3077.png,triangle
img_3078.png,octagon
img_3079.png,octagon
img_3080.png,rectangle
img_3081.png,triangle
img_3082.png,rectangle
img_3083.png,ellipse
img_3084.png,hexagon
img_3085.png,circle
img_3086.png,octagon
img_3087.png,rectangle
img_3088.png,octagon
img_3089.png,octagon
img_3090.png,circle
img_3091.png,ellipse
img_3092.png,rectangle
img_3093.png,square
img_3094.png,ellipse
img_3095.png,octagon
img_3096.png,square
img_3097.png,circle
img_3098.png,triangle
img_3099.png,circle
img_3100.png,hexagon
img_3101.png,hexagon
img_3102.png,octagon
img_3103.png,rectangle
img_3104.png,square
img_3105.png,hexagon
img_3106.png,square
img_3107.png,square
img_3108.png,hexagon
img_3109.png,square
img_3110.png,ellipse
img_3111.png,ellipse
img_3112.png,circle
img_3113.png,triangle
img_3114.png,hexagon
img_3115.png,square
img_3116.png,circle
img_3117.png,hexagon
img_3118.png,rectangle
img_3119.png,hexagon
img_3120.png,rectangle
img_3121.png,octagon
img_3122.png,square
img_3123.png,rectangle
img_3124.png,rectangle
img_3125.png,circle
img_3126.png,rectangle
img_3127.png,ellipse
img_3128.png,triangle
img_3129.png,hexagon
img_3130.png,triangle
img_3131.png,ellipse
img_3132.png,ellipse
img_3133.png,ellipse
img_3134.png,circle
img_3135.png,square
img_3136.png,circle
img_3137.png,octagon
img_3138.png,octagon
img_3139.png,octagon
img_3140.png,circle
img_3141.png,rectangle
img_3142.png,ellipse
img_3143.png,rectangle
img_3144.png,circle
img_3145.png,rectangle
img_3146.png,hexagon
img_3147.png,square
img_3148.png,octagon
img_3149.png,ellipse
img_3150.png,rectangle
img_3151.png,rectangle
img_3152.png,octagon
img_3153.png,rectangle
img_3154.png,octagon
img_3155.png,ellipse
img_3156.png,ellipse
img_3157.png,ellipse
img_3158.png,rectangle
img_3159.png,circle
img_3160.png,circle
img_3161.png,triangle
img_3162.png,circle
img_3163.png,triangle
img_3164.png,hexagon
img_3165.png,octagon
img_3166.png,triangle
img_3167.png,rectangle
img_3168.png,hexagon
img_3169.png,triangle
img_3170.png,hexagon
img_3171.png,ellipse
img_3172.png,rectangle
img_3173.png,rectangle
img_3174.png,hexagon
img_3175.png,square
img_3176.png,circle
img_3177.png,octagon
img_3178.png,rectangle
img_3179.png,ellipse
img_3180.png,rectangle
img_3181.png,hexagon
img_3182.png,ellipse
img_3183.png,octagon
img_3184.png,circle
img_3185.png,circle
img_3186.png,octagon
img_3187.png,octagon
img_3188.png,hexagon
img_3189.png,circle
img_3190.png,octagon
img_3191.png,octagon
img_3192.png,hexagon
img_3193.png,triangle
img_3194.png,ellipse
img_3195.png,square
img_3196.png,ellipse
img_3197.png,ellipse
img_3198.png,hexagon
img_3199.png,square
img_3200.png,circle
img_3201.png,ellipse
img_3202.png,rectangle
img_3203.png,triangle
img_3204.png,rectangle
img_3205.png,square
img_3206.png,rectangle
img_3207.png,circle
img_3208.png,circle
img_3209.png,hexagon
img_3210.png,octagon
img_3211.png,rectangle
img_3212.png,rectangle
img_3213.png,rectangle
img_3214.png,circle
img_3215.png,hexagon
img_3216.png,triangle
img_3217.png,square
img_3218.png,hexagon
img_3219.png,square
img_3220.png,circle
img_3221.png,octagon
img_3222.png,rectangle
img_3223.png,circle
img_3224.png,ellipse
img_3225.png,square
img_3226.png,circle
img_3227.png,triangle
img_3228.png,octagon
img_3229.png,octagon
img_3230.png,triangle
img_3231.png,ellipse
img_3232.png,ellipse
img_3233.png,ellipse
img_3234.png,circle
img_3235.png,square
img_3236.png,hexagon
img_3237.png,ellipse
img_3238.png,rectangle
img_3239.png,triangle
img_3240.png,circle
img_3241.png,square
img_3242.png,rectangle
img_3243.png,rectangle
img_3244.png,square
img_3245.png,octagon
img_3246.png,rectangle
img_3247.png,ellipse
img_3248.png,rectangle
img_3249.png,triangle
img_3250.png,octagon
img_3251.png,octagon
img_3252.png,hexagon
img_3253.png,square
img_3254.png,hexagon
img_3255.png,hexagon
img_3256.png,triangle
img_3257.png,octagon
img_3258.png,circle
img_3259.png,square
img_3260.png,octagon
img_3261.png,rectangle
img_3262.png,octagon
img_3263.png,circle
img_3264.png,rectangle
img_3265.png,circle
img_3266.png,ellipse
img_3267.png,ellipse
img_3268.png,octagon
img_3269.png,ellipse
img_3270.png,triangle
img_3271.png,ellipse
img_3272.png,octagon
img_3273.png,hexagon
img_3274.png,square
img_3275.png,square
img_3276.png,circle
img_3277.png,rectangle
img_3278.png,rectangle
img_3279.png,octagon
img_3280.png,hexagon
img_3281.png,hexagon
img_3282.png,triangle
img_3283.png,ellipse
img_3284.png,rectangle
img_3285.png,rectangle
img_3286.png,circle
img_3287.png,triangle
img_3288.png,rectangle
img_3289.png,octagon
img_3290.png,triangle
img_3291.png,circle
img_3292.png,ellipse
img_3293.png,triangle
img_3294.png,triangle
img_3295.png,rectangle
img_3296.png,ellipse
img_3297.png,square
img_3298.png,hexagon
img_3299.png,circle
img_3300.png,ellipse
img_3301.png,rectangle
img_3302.png,triangle
img_3303.png,ellipse
img_3304.png,ellipse
img_3305.png,ellipse
img_3306.png,hexagon
img_3307.png,ellipse
img_3308.png,square
img_3309.png,octagon
img_3310.png,hexagon
img_3311.png,ellipse
img_3312.png,hexagon
img_3313.png,rectangle
img_3314.png,rectangle
img_3315.png,octagon
img_3316.png,hexagon
img_3317.png,ellipse
img_3318.png,rectangle
img_3319.png,triangle
img_3320.png,hexagon
img_3321.png,hexagon
img_3322.png,octagon
img_3323.png,square
img_3324.png,rectangle
img_3325.png,circle
img_3326.png,rectangle
img_3327.png,triangle
img_3328.png,square
img_3329.png,octagon
img_3330.png,octagon
img_3331.png,circle
img_3332.png,ellipse
img_3333.png,hexagon
img_3334.png,octagon
img_3335.png,hexagon
img_3336.png,octagon
img_3337.png,square
img_3338.png,hexagon
img_3339.png,octagon
img_3340.png,triangle
img_3341.png,rectangle
img_3342.png,hexagon
img_3343.png,ellipse
img_3344.png,triangle
img_3345.png,ellipse
img_3346.png,octagon
img_3347.png,hexagon
img_3348.png,hexagon
img_3349.png,octagon
img_3350.png,hexagon
img_3351.png,circle
img_3352.png,octagon
img_3353.png,hexagon
img_3354.png,rectangle
img_3355.png,hexagon
img_3356.png,triangle
img_3357.png,hexagon
img_3358.png,ellipse
img_3359.png,rectangle
img_3360.png,ellipse
img_3361.png,octagon
img_3362.png,hexagon
img_3363.png,hexagon
img_3364.png,triangle
img_3365.png,rectangle
img_3366.png,circle
img_3367.png,triangle
img_3368.png,octagon
img_3369.png,rectangle
img_3370.png,circle
img_3371.png,hexagon
img_3372.png,circle
img_3373.png,circle
img_3374.png,square
img_3375.png,octagon
img_3376.png,triangle
img_3377.png,rectangle
img_3378.png,octagon
img_3379.png,ellipse
img_3380.png,hexagon
img_3381.png,square
img_3382.png,square
img_3383.png,hexagon
img_3384.png,triangle
img_3385.png,octagon
img_3386.png,square
img_3387.png,octagon
img_3388.png,ellipse
img_3389.png,rectangle
img_3390.png,ellipse
img_3391.png,square
img_3392.png,hexagon
img_3393.png,circle
img_3394.png,ellipse
img_3395.png,octagon
img_3396.png,triangle
img_3397.png,square
img_3398.png,circle
img_3399.png,rectangle
img_3400.png,ellipse
img_3401.png,circle
img_3402.png,square
img_3403.png,circle
img_3404.png,triangle
img_3405.png,octagon
img_3406.png,ellipse
img_3407.png,triangle
img_3408.png,rectangle
img_3409.png,octagon
img_3410.png,hexagon
img_3411.png,ellipse
img_3412.png,octagon
img_3413.png,octagon
img_3414.png,square
img_3415.png,octagon
img_3416.png,hexagon
img_3417.png,triangle
img_3418.png,hexagon
img_3419.png,square
img_3420.png,octagon
img_3421.png,circle
img_3422.png,octagon
img_3423.png,octagon
img_3424.png,circle
img_3425.png,octagon
img_3426.png,ellipse
img_3427.png,rectangle
img_3428.png,octagon
img_3429.png,circle
img_3430.png,hexagon
img_3431.png,octagon
img_3432.png,rectangle
img_3433.png,octagon
img_3434.png,triangle
img_3435.png,triangle
img_3436.png,triangle
img_3437.png,circle
img_3438.png,triangle
img_3439.png,circle
img_3440.png,hexagon
img_3441.png,triangle
img_3442.png,hexagon
img_3443.png,circle
img_3444.png,circle
img_3445.png,square
img_3446.png,circle
img_3447.png,triangle
img_3448.png,circle
img_3449.png,octagon
img_3450.png,octagon
img_3451.png,square
img_3452.png,hexagon
img_3453.png,circle
img_3454.png,square
img_3455.png,octagon
img_3456.png,hexagon
img_3457.png,ellipse
img_3458.png,hexagon
img_3459.png,circle
img_3460.png,rectangle
img_3461.png,square
img_3462.png,octagon
img_3463.png,circle
img_3464.png,octagon
img_3465.png,octagon
img_3466.png,rectangle
img_3467.png,ellipse
img_3468.png,circle
img_3469.png,hexagon
img_3470.png,square
img_3471.png,hexagon
img_3472.png,octagon
img_3473.png,ellipse
img_3474.png,rectangle
img_3475.png,octagon
img_3476.png,hexagon
img_3477.png,octagon
img_3478.png,rectangle
img_3479.png,ellipse
img_3480.png,square
img_3481.png,octagon
img_3482.png,hexagon
img_3483.png,ellipse
img_3484.png,ellipse
img_3485.png,octagon
img_3486.png,octagon
img_3487.png,circle
img_3488.png,octagon
img_3489.png,triangle
img_3490.png,square
img_3491.png,square
img_3492.png,circle
img_3493.png,octagon
img_3494.png,octagon
img_3495.png,hexagon
img_3496.png,rectangle
img_3497.png,square
img_3498.png,square
img_3499.png,circle
img_3500.png,ellipse
img_3501.png,hexagon
img_3502.png,square
img_3503.png,triangle
img_3504.png,hexagon
img_3505.png,square
img_3506.png,hexagon
img_3507.png,hexagon
img_3508.png,rectangle
img_3509.png,hexagon
img_3510.png,square
img_3511.png,circle
img_3512.png,ellipse
img_3513.png,circle
img_3514.png,triangle
img_3515.png,square
img_3516.png,hexagon
img_3517.png,hexagon
img_3518.png,rectangle
img_3519.png,ellipse
img_3520.png,square
img_3521.png,triangle
img_3522.png,circle
img_3523.png,square
img_3524.png,triangle
img_3525.png,hexagon
img_3526.png,octagon
img_3527.png,hexagon
img_3528.png,circle
img_3529.png,rectangle
img_3530.png,triangle
img_3531.png,hexagon
img_3532.png,circle
img_3533.png,hexagon
img_3534.png,hexagon
img_3535.png,circle
img_3536.png,square
img_3537.png,triangle
img_3538.png,triangle
img_3539.png,hexagon
img_3540.png,rectangle
img_3541.png,circle
img_3542.png,triangle
img_3543.png,hexagon
img_3544.png,circle
img_3545.png,ellipse
img_3546.png,rectangle
img_3547.png,circle
img_3548.png,rectangle
img_3549.png,circle
img_3550.png,rectangle
img_3551.png,octagon
img_3552.png,ellipse
img_3553.png,square
img_3554.png,triangle
img_3555.png,rectangle
img_3556.png,ellipse
img_3557.png,octagon
img_3558.png,triangle
img_3559.png,circle
img_3560.png,octagon
img_3561.png,hexagon
img_3562.png,triangle
img_3563.png,hexagon
img_3564.png,square
img_3565.png,rectangle
img_3566.png,ellipse
img_3567.png,hexagon
img_3568.png,circle
img_3569.png,octagon
img_3570.png,octagon
img_3571.png,circle
img_3572.png,circle
img_3573.png,square
img_3574.png,octagon
img_3575.png,circle
img_3576.png,hexagon
img_3577.png,square
img_3578.png,circle
img_3579.png,circle
img_3580.png,hexagon
img_3581.png,octagon
img_3582.png,circle
img_3583.png,hexagon
img_3584.png,hexagon
img_3585.png,rectangle
img_3586.png,rectangle
img_3587.png,rectangle
img_3588.png,hexagon
img_3589.png,hexagon
img_3590.png,triangle
img_3591.png,triangle
img_3592.png,triangle
img_3593.png,rectangle
img_3594.png,ellipse
img_3595.png,rectangle
img_3596.png,hexagon
img_3597.png,triangle
img_3598.png,triangle
img_3599.png,ellipse
img_3600.png,ellipse
img_3601.png,square
img_3602.png,rectangle
img_3603.png,octagon
img_3604.png,octagon
img_3605.png,octagon
img_3606.png,hexagon
img_3607.png,octagon
img_3608.png,rectangle
img_3609.png,octagon
img_3610.png,rectangle
img_3611.png,ellipse
img_3612.png,triangle
img_3613.png,octagon
img_3614.png,circle
img_3615.png,hexagon
img_3616.png,ellipse
img_3617.png,ellipse
img_3618.png,ellipse
img_3619.png,ellipse
img_3620.png,octagon
img_3621.png,square
img_3622.png,circle
img_3623.png,triangle
img_3624.png,square
img_3625.png,square
img_3626.png,octagon
img_3627.png,square
img_3628.png,ellipse
img_3629.png,hexagon
img_3630.png,circle
img_3631.png,ellipse
img_3632.png,octagon
img_3633.png,circle
img_3634.png,square
img_3635.png,ellipse
img_3636.png,triangle
img_3637.png,circle
img_3638.png,circle
img_3639.png,ellipse
img_3640.png,triangle
img_3641.png,circle
img_3642.png,octagon
img_3643.png,square
img_3644.png,octagon
img_3645.png,circle
img_3646.png,ellipse
img_3647.png,octagon
img_3648.png,ellipse
img_3649.png,hexagon
img_3650.png,square
img_3651.png,hexagon
img_3652.png,triangle
img_3653.png,octagon
img_3654.png,ellipse
img_3655.png,square
img_3656.png,ellipse
img_3657.png,square
img_3658.png,hexagon
img_3659.png,rectangle
img_3660.png,octagon
img_3661.png,ellipse
img_3662.png,triangle
img_3663.png,hexagon
img_3664.png,circle
img_3665.png,rectangle
img_3666.png,hexagon
img_3667.png,hexagon
img_3668.png,triangle
img_3669.png,triangle
img_3670.png,hexagon
img_3671.png,ellipse
img_3672.png,octagon
img_3673.png,triangle
img_3674.png,triangle
img_3675.png,rectangle
img_3676.png,circle
img_3677.png,rectangle
img_3678.png,octagon
img_3679.png,octagon
img_3680.png,octagon
img_3681.png,hexagon
img_3682.png,circle
img_3683.png,ellipse
img_3684.png,octagon
img_3685.png,rectangle
img_3686.png,circle
img_3687.png,circle
img_3688.png,square
img_3689.png,hexagon
img_3690.png,circle
img_3691.png,circle
img_3692.png,square
img_3693.png,square
img_3694.png,triangle
img_3695.png,square
img_3696.png,rectangle
img_3697.png,ellipse
img_3698.png,rectangle
img_3699.png,circle
img_3700.png,hexagon
img_3701.png,triangle
img_3702.png,ellipse
img_3703.png,circle
img_3704.png,rectangle
img_3705.png,circle
img_3706.png,circle
img_3707.png,triangle
img_3708.png,circle
img_3709.png,rectangle
img_3710.png,octagon
img_3711.png,octagon
img_3712.png,rectangle
img_3713.png,ellipse
img_3714.png,square
img_3715.png,square
img_3716.png,ellipse
img_3717.png,triangle
img_3718.png,octagon
img_3719.png,triangle
img_3720.png,ellipse
img_3721.png,triangle
img_3722.png,rectangle
img_3723.png,square
img_3724.png,ellipse
img_3725.png,hexagon
img_3726.png,octagon
img_3727.png,rectangle
img_3728.png,square
img_3729.png,circle
img_3730.png,square
img_3731.png,square
img_3732.png,triangle
img_3733.png,ellipse
img_3734.png,rectangle
img_3735.png,triangle
img_3736.png,triangle
img_3737.png,hexagon
img_3738.png,square
img_3739.png,hexagon
img_3740.png,square
img_3741.png,rectangle
img_3742.png,rectangle
img_3743.png,circle
img_3744.png,triangle
img_3745.png,circle
img_3746.png,rectangle
img_3747.png,circle
img_3748.png,rectangle
img_3749.png,rectangle
img_3750.png,ellipse
img_3751.png,rectangle
img_3752.png,rectangle
img_3753.png,octagon
img_3754.png,circle
img_3755.png,circle
img_3756.png,triangle
img_3757.png,triangle
img_3758.png,ellipse
img_3759.png,circle
img_3760.png,circle
img_3761.png,rectangle
img_3762.png,triangle
img_3763.png,octagon
img_3764.png,triangle
img_3765.png,hexagon
img_3766.png,ellipse
img_3767.png,ellipse
img_3768.png,rectangle
img_3769.png,hexagon
img_3770.png,rectangle
img_3771.png,triangle
img_3772.png,circle
img_3773.png,circle
img_3774.png,square
img_3775.png,ellipse
img_3776.png,triangle
img_3777.png,hexagon
img_3778.png,octagon
img_3779.png,triangle
img_3780.png,square
img_3781.png,hexagon
img_3782.png,hexagon
img_3783.png,ellipse
img_3784.png,octagon
img_3785.png,hexagon
img_3786.png,ellipse
img_3787.png,ellipse
img_3788.png,hexagon
img_3789.png,octagon
img_3790.png,ellipse
img_3791.png,circle
img_3792.png,ellipse
img_3793.png,octagon
img_3794.png,ellipse
img_3795.png,triangle
img_3796.png,triangle
img_3797.png,ellipse
img_3798.png,ellipse
img_3799.png,octagon
img_3800.png,triangle
img_3801.png,triangle
img_3802.png,octagon
img_3803.png,hexagon
img_3804.png,square
img_3805.png,rectangle
img_3806.png,ellipse
img_3807.png,rectangle
img_3808.png,rectangle
img_3809.png,hexagon
img_3810.png,hexagon
img_3811.png,rectangle
img_3812.png,octagon
img_3813.png,rectangle
img_3814.png,hexagon
img_3815.png,square
img_3816.png,circle
img_3817.png,octagon
img_3818.png,circle
img_3819.png,triangle
img_3820.png,octagon
img_3821.png,square
img_3822.png,triangle
img_3823.png,square
img_3824.png,triangle
img_3825.png,triangle
img_3826.png,circle
img_3827.png,square
img_3828.png,square
img_3829.png,hexagon
img_3830.png,square
img_3831.png,hexagon
img_3832.png,square
img_3833.png,square
img_3834.png,hexagon
img_3835.png,hexagon
img_3836.png,hexagon
img_3837.png,ellipse
img_3838.png,rectangle
img_3839.png,ellipse
img_3840.png,octagon
img_3841.png,square
img_3842.png,ellipse
img_3843.png,square
img_3844.png,hexagon
img_3845.png,ellipse
img_3846.png,circle
img_3847.png,octagon
img_3848.png,square
img_3849.png,triangle
img_3850.png,rectangle
img_3851.png,hexagon
img_3852.png,circle
img_3853.png,ellipse
img_3854.png,octagon
img_3855.png,circle
img_3856.png,ellipse
img_3857.png,square
img_3858.png,ellipse
img_3859.png,octagon
img_3860.png,triangle
img_3861.png,octagon
img_3862.png,circle
img_3863.png,octagon
img_3864.png,rectangle
img_3865.png,rectangle
img_3866.png,rectangle
img_3867.png,ellipse
img_3868.png,circle
img_3869.png,circle
img_3870.png,square
img_3871.png,rectangle
img_3872.png,circle
img_3873.png,rectangle
img_3874.png,rectangle
img_3875.png,rectangle
img_3876.png,square
img_3877.png,octagon
img_3878.png,ellipse
img_3879.png,triangle
img_3880.png,rectangle
img_3881.png,octagon
img_3882.png,hexagon
img_3883.png,octagon
img_3884.png,hexagon
img_3885.png,triangle
img_3886.png,ellipse
img_3887.png,circle
img_3888.png,octagon
img_3889.png,octagon
img_3890.png,circle
img_3891.png,circle
img_3892.png,octagon
img_3893.png,ellipse
img_3894.png,ellipse
img_3895.png,hexagon
img_3896.png,octagon
img_3897.png,circle
img_3898.png,rectangle
img_3899.png,triangle
img_3900.png,circle
img_3901.png,square
img_3902.png,square
img_3903.png,rectangle
img_3904.png,circle
img_3905.png,rectangle
img_3906.png,rectangle
img_3907.png,rectangle
img_3908.png,hexagon
img_3909.png,square
img_3910.png,circle
img_3911.png,triangle
img_3912.png,octagon
img_3913.png,triangle
img_3914.png,hexagon
img_3915.png,triangle
img_3916.png,octagon
img_3917.png,hexagon
img_3918.png,octagon
img_3919.png,triangle
img_3920.png,circle
img_3921.png,ellipse
img_3922.png,square
img_3923.png,triangle
img_3924.png,octagon
img_3925.png,ellipse
img_3926.png,ellipse
img_3927.png,square
img_3928.png,circle
img_3929.png,ellipse
img_3930.png,ellipse
img_3931.png,triangle
img_3932.png,square
img_3933.png,triangle
img_3934.png,octagon
img_3935.png,triangle
img_3936.png,triangle
img_3937.png,circle
img_3938.png,octagon
img_3939.png,ellipse
img_3940.png,hexagon
img_3941.png,hexagon
img_3942.png,octagon
img_3943.png,hexagon
img_3944.png,rectangle
img_3945.png,ellipse
img_3946.png,hexagon
img_3947.png,ellipse
img_3948.png,circle
img_3949.png,circle
img_3950.png,circle
img_3951.png,ellipse
img_3952.png,rectangle
img_3953.png,ellipse
img_3954.png,triangle
img_3955.png,square
img_3956.png,ellipse
img_3957.png,triangle
img_3958.png,circle
img_3959.png,square
img_3960.png,octagon
img_3961.png,hexagon
img_3962.png,square
img_3963.png,octagon
img_3964.png,hexagon
img_3965.png,square
img_3966.png,ellipse
img_3967.png,ellipse
img_3968.png,ellipse
img_3969.png,rectangle
img_3970.png,rectangle
img_3971.png,rectangle
img_3972.png,circle
img_3973.png,square
img_3974.png,hexagon
img_3975.png,octagon
img_3976.png,triangle
img_3977.png,square
img_3978.png,octagon
img_3979.png,octagon
img_3980.png,hexagon
img_3981.png,hexagon
img_3982.png,ellipse
img_3983.png,octagon
img_3984.png,triangle
img_3985.png,octagon
img_3986.png,hexagon
img_3987.png,square
img_3988.png,circle
img_3989.png,circle
img_3990.png,rectangle
img_3991.png,triangle
img_3992.png,circle
img_3993.png,circle
img_3994.png,ellipse
img_3995.png,hexagon
img_3996.png,ellipse
img_3997.png,octagon
img_3998.png,rectangle
img_3999.png,square
img_4000.png,square
img_4001.png,rectangle
img_4002.png,square
img_4003.png,hexagon
img_4004.png,hexagon
img_4005.png,circle
img_4006.png,hexagon
img_4007.png,hexagon
img_4008.png,hexagon
img_4009.png,triangle
img_4010.png,octagon
img_4011.png,ellipse
img_4012.png,square
img_4013.png,triangle
img_4014.png,ellipse
img_4015.png,octagon
img_4016.png,square
img_4017.png,octagon
img_4018.png,ellipse
img_4019.png,rectangle
img_4020.png,triangle
img_4021.png,circle
img_4022.png,circle
img_4023.png,triangle
img_4024.png,octagon
img_4025.png,triangle
img_4026.png,circle
img_4027.png,ellipse
img_4028.png,ellipse
img_4029.png,square
img_4030.png,octagon
img_4031.png,hexagon
img_4032.png,ellipse
img_4033.png,rectangle
img_4034.png,square
img_4035.png,rectangle
img_4036.png,octagon
img_4037.png,octagon
img_4038.png,ellipse
img_4039.png,triangle
img_4040.png,triangle
img_4041.png,rectangle
img_4042.png,rectangle
img_4043.png,hexagon
img_4044.png,hexagon
img_4045.png,octagon
img_4046.png,octagon
img_4047.png,triangle
img_4048.png,hexagon
img_4049.png,octagon
img_4050.png,ellipse
img_4051.png,hexagon
img_4052.png,octagon
img_4053.png,ellipse
img_4054.png,circle
img_4055.png,circle
img_4056.png,ellipse
img_4057.png,hexagon
img_4058.png,ellipse
img_4059.png,square
img_4060.png,hexagon
img_4061.png,hexagon
img_4062.png,circle
img_4063.png,triangle
img_4064.png,hexagon
img_4065.png,rectangle
img_4066.png,rectangle
img_4067.png,triangle
img_4068.png,triangle
img_4069.png,circle
img_4070.png,circle
img_4071.png,ellipse
img_4072.png,square
img_4073.png,ellipse
img_4074.png,octagon
img_4075.png,circle
img_4076.png,octagon
img_4077.png,hexagon
img_4078.png,octagon
img_4079.png,circle
img_4080.png,hexagon
img_4081.png,hexagon
img_4082.png,square
img_4083.png,rectangle
img_4084.png,hexagon
img_4085.png,square
img_4086.png,circle
img_4087.png,square
img_4088.png,triangle
img_4089.png,square
img_4090.png,square
img_4091.png,square
img_4092.png,octagon
img_4093.png,hexagon
img_4094.png,circle
img_4095.png,hexagon
img_4096.png,octagon
img_4097.png,triangle
img_4098.png,hexagon
img_4099.png,triangle
img_4100.png,rectangle
img_4101.png,triangle
img_4102.png,circle
img_4103.png,hexagon
img_4104.png,circle
img_4105.png,rectangle
img_4106.png,circle
img_4107.png,hexagon
img_4108.png,circle
img_4109.png,hexagon
img_4110.png,octagon
img_4111.png,triangle
img_4112.png,triangle
img_4113.png,hexagon
img_4114.png,ellipse
img_4115.png,rectangle
img_4116.png,circle
img_4117.png,square
img_4118.png,hexagon
img_4119.png,circle
img_4120.png,hexagon
img_4121.png,octagon
img_4122.png,circle
img_4123.png,square
img_4124.png,triangle
img_4125.png,ellipse
img_4126.png,octagon
img_4127.png,octagon
img_4128.png,triangle
img_4129.png,rectangle
img_4130.png,circle
img_4131.png,hexagon
img_4132.png,rectangle
img_4133.png,ellipse
img_4134.png,ellipse
img_4135.png,hexagon
img_4136.png,circle
img_4137.png,square
img_4138.png,ellipse
img_4139.png,rectangle
img_4140.png,square
img_4141.png,hexagon
img_4142.png,hexagon
img_4143.png,octagon
img_4144.png,rectangle
img_4145.png,circle
img_4146.png,rectangle
img_4147.png,square
img_4148.png,hexagon
img_4149.png,ellipse
img_4150.png,rectangle
img_4151.png,ellipse
img_4152.png,rectangle
img_4153.png,circle
img_4154.png,octagon
img_4155.png,triangle
img_4156.png,square
img_4157.png,triangle
img_4158.png,triangle
img_4159.png,hexagon
img_4160.png,octagon
img_4161.png,triangle
img_4162.png,circle
img_4163.png,rectangle
img_4164.png,square
img_4165.png,triangle
img_4166.png,ellipse
img_4167.png,octagon
img_4168.png,square
img_4169.png,hexagon
img_4170.png,ellipse
img_4171.png,triangle
img_4172.png,ellipse
img_4173.png,octagon
img_4174.png,ellipse
img_4175.png,circle
img_4176.png,circle
img_4177.png,square
img_4178.png,hexagon
img_4179.png,triangle
img_4180.png,octagon
img_4181.png,ellipse
img_4182.png,circle
img_4183.png,octagon
img_4184.png,ellipse
img_4185.png,hexagon
img_4186.png,circle
img_4187.png,ellipse
img_4188.png,square
img_4189.png,octagon
img_4190.png,triangle
img_4191.png,square
img_4192.png,rectangle
img_4193.png,rectangle
img_4194.png,triangle
img_4195.png,hexagon
img_4196.png,square
img_4197.png,hexagon
img_4198.png,triangle
img_4199.png,triangle
img_4200.png,square
img_4201.png,hexagon
img_4202.png,rectangle
img_4203.png,ellipse
img_4204.png,octagon
img_4205.png,triangle
img_4206.png,circle
img_4207.png,hexagon
img_4208.png,square
img_4209.png,hexagon
img_4210.png,hexagon
img_4211.png,triangle
img_4212.png,rectangle
img_4213.png,rectangle
img_4214.png,rectangle
img_4215.png,hexagon
img_4216.png,ellipse
img_4217.png,circle
img_4218.png,circle
img_4219.png,octagon
img_4220.png,ellipse
img_4221.png,octagon
img_4222.png,triangle
img_4223.png,triangle
img_4224.png,ellipse
img_4225.png,triangle
img_4226.png,triangle
img_4227.png,triangle
img_4228.png,ellipse
img_4229.png,square
img_4230.png,circle
img_4231.png,octagon
img_4232.png,ellipse
img_4233.png,hexagon
img_4234.png,hexagon
img_4235.png,octagon
img_4236.png,octagon
img_4237.png,square
img_4238.png,circle
img_4239.png,ellipse
img_4240.png,hexagon
img_4241.png,ellipse
img_4242.png,circle
img_4243.png,triangle
img_4244.png,octagon
img_4245.png,hexagon
img_4246.png,triangle
img_4247.png,octagon
img_4248.png,rectangle
img_4249.png,square
img_4250.png,ellipse
img_4251.png,circle
img_4252.png,square
img_4253.png,triangle
img_4254.png,rectangle
img_4255.png,circle
img_4256.png,ellipse
img_4257.png,square
img_4258.png,square
img_4259.png,square
img_4260.png,rectangle
img_4261.png,square
img_4262.png,rectangle
img_4263.png,triangle
img_4264.png,rectangle
img_4265.png,triangle
img_4266.png,triangle
img_4267.png,square
img_4268.png,triangle
img_4269.png,hexagon
img_4270.png,hexagon
img_4271.png,circle
img_4272.png,square
img_4273.png,circle
img_4274.png,triangle
img_4275.png,rectangle
img_4276.png,ellipse
img_4277.png,octagon
img_4278.png,octagon
img_4279.png,ellipse
img_4280.png,ellipse
img_4281.png,square
img_4282.png,ellipse
img_4283.png,ellipse
img_4284.png,square
img_4285.png,square
img_4286.png,octagon
img_4287.png,triangle
img_4288.png,rectangle
img_4289.png,hexagon
img_4290.png,circle
img_4291.png,square
img_4292.png,square
img_4293.png,hexagon
img_4294.png,square
img_4295.png,circle
img_4296.png,circle
img_4297.png,hexagon
img_4298.png,rectangle
img_4299.png,triangle
img_4300.png,circle
img_4301.png,circle
img_4302.png,square
img_4303.png,circle
img_4304.png,ellipse
img_4305.png,octagon
img_4306.png,circle
img_4307.png,hexagon
img_4308.png,octagon
img_4309.png,circle
img_4310.png,triangle
img_4311.png,octagon
img_4312.png,rectangle
img_4313.png,ellipse
img_4314.png,triangle
img_4315.png,ellipse
img_4316.png,hexagon
img_4317.png,ellipse
img_4318.png,hexagon
img_4319.png,triangle
img_4320.png,rectangle
img_4321.png,square
img_4322.png,ellipse
img_4323.png,circle
img_4324.png,rectangle
img_4325.png,triangle
img_4326.png,octagon
img_4327.png,octagon
img_4328.png,octagon
img_4329.png,triangle
img_4330.png,rectangle
img_4331.png,square
img_4332.png,circle
img_4333.png,triangle
img_4334.png,triangle
img_4335.png,rectangle
img_4336.png,circle
img_4337.png,circle
img_4338.png,circle
img_4339.png,square
img_4340.png,triangle
img_4341.png,rectangle
img_4342.png,octagon
img_4343.png,circle
img_4344.png,ellipse
img_4345.png,triangle
img_4346.png,circle
img_4347.png,triangle
img_4348.png,ellipse
img_4349.png,ellipse
img_4350.png,square
img_4351.png,hexagon
img_4352.png,triangle
img_4353.png,octagon
img_4354.png,square
img_4355.png,hexagon
img_4356.png,hexagon
img_4357.png,square
img_4358.png,hexagon
img_4359.png,hexagon
img_4360.png,rectangle
img_4361.png,circle
img_4362.png,rectangle
img_4363.png,triangle
img_4364.png,triangle
img_4365.png,hexagon
img_4366.png,rectangle
img_4367.png,octagon
img_4368.png,triangle
img_4369.png,octagon
img_4370.png,ellipse
img_4371.png,triangle
img_4372.png,ellipse
img_4373.png,rectangle
img_4374.png,square
img_4375.png,hexagon
img_4376.png,circle
img_4377.png,rectangle
img_4378.png,octagon
img_4379.png,hexagon
img_4380.png,hexagon
img_4381.png,square
img_4382.png,hexagon
img_4383.png,triangle
img_4384.png,octagon
img_4385.png,square
img_4386.png,octagon
img_4387.png,ellipse
img_4388.png,circle
img_4389.png,octagon
img_4390.png,circle
img_4391.png,triangle
img_4392.png,triangle
img_4393.png,triangle
img_4394.png,ellipse
img_4395.png,octagon
img_4396.png,octagon
img_4397.png,octagon
img_4398.png,octagon
img_4399.png,triangle
img_4400.png,rectangle
img_4401.png,square
img_4402.png,triangle
img_4403.png,triangle
img_4404.png,triangle
img_4405.png,ellipse
img_4406.png,square
img_4407.png,ellipse
img_4408.png,triangle
img_4409.png,ellipse
img_4410.png,circle
img_4411.png,triangle
img_4412.png,rectangle
img_4413.png,ellipse
img_4414.png,square
img_4415.png,octagon
img_4416.png,square
img_4417.png,hexagon
img_4418.png,square
img_4419.png,rectangle
img_4420.png,square
img_4421.png,rectangle
img_4422.png,octagon
img_4423.png,rectangle
img_4424.png,square
img_4425.png,hexagon
img_4426.png,triangle
img_4427.png,octagon
img_4428.png,square
img_4429.png,rectangle
img_4430.png,hexagon
img_4431.png,ellipse
img_4432.png,octagon
img_4433.png,hexagon
img_4434.png,hexagon
img_4435.png,square
img_4436.png,square
img_4437.png,circle
img_4438.png,triangle
img_4439.png,octagon
img_4440.png,triangle
img_4441.png,rectangle
img_4442.png,octagon
img_4443.png,square
img_4444.png,square
img_4445.png,circle
img_4446.png,triangle
img_4447.png,rectangle
img_4448.png,hexagon
img_4449.png,ellipse
img_4450.png,octagon
img_4451.png,hexagon
img_4452.png,rectangle
img_4453.png,ellipse
img_4454.png,circle
img_4455.png,rectangle
img_4456.png,hexagon
img_4457.png,triangle
img_4458.png,rectangle
img_4459.png,hexagon
img_4460.png,square
img_4461.png,rectangle
img_4462.png,hexagon
img_4463.png,octagon
img_4464.png,rectangle
img_4465.png,square
img_4466.png,triangle
img_4467.png,octagon
img_4468.png,circle
img_4469.png,square
img_4470.png,square
img_4471.png,triangle
img_4472.png,ellipse
img_4473.png,ellipse
img_4474.png,ellipse
img_4475.png,rectangle
img_4476.png,circle
img_4477.png,octagon
img_4478.png,octagon
img_4479.png,ellipse
img_4480.png,triangle
img_4481.png,triangle
img_4482.png,ellipse
img_4483.png,octagon
img_4484.png,triangle
img_4485.png,octagon
img_4486.png,square
img_4487.png,rectangle
img_4488.png,triangle
img_4489.png,circle
img_4490.png,triangle
img_4491.png,ellipse
img_4492.png,octagon
img_4493.png,square
img_4494.png,rectangle
img_4495.png,triangle
img_4496.png,hexagon
img_4497.png,square
img_4498.png,circle
img_4499.png,circle
img_4500.png,octagon
img_4501.png,square
img_4502.png,triangle
img_4503.png,hexagon
img_4504.png,hexagon
img_4505.png,ellipse
img_4506.png,square
img_4507.png,ellipse
img_4508.png,triangle
img_4509.png,triangle
img_4510.png,rectangle
img_4511.png,square
img_4512.png,octagon
img_4513.png,square
img_4514.png,square
img_4515.png,circle
img_4516.png,circle
img_4517.png,square
img_4518.png,hexagon
img_4519.png,hexagon
img_4520.png,ellipse
img_4521.png,ellipse
img_4522.png,square
img_4523.png,circle
img_4524.png,circle
img_4525.png,square
img_4526.png,ellipse
img_4527.png,rectangle
img_4528.png,circle
img_4529.png,ellipse
img_4530.png,ellipse
img_4531.png,square
img_4532.png,octagon
img_4533.png,octagon
img_4534.png,rectangle
img_4535.png,triangle
img_4536.png,circle
img_4537.png,circle
img_4538.png,hexagon
img_4539.png,circle
img_4540.png,hexagon
img_4541.png,square
img_4542.png,rectangle
img_4543.png,rectangle
img_4544.png,square
img_4545.png,ellipse
img_4546.png,hexagon
img_4547.png,circle
img_4548.png,hexagon
img_4549.png,ellipse
img_4550.png,square
img_4551.png,rectangle
img_4552.png,octagon
img_4553.png,triangle
img_4554.png,circle
img_4555.png,ellipse
img_4556.png,square
img_4557.png,circle
img_4558.png,triangle
img_4559.png,triangle
img_4560.png,circle
img_4561.png,ellipse
img_4562.png,square
img_4563.png,triangle
img_4564.png,ellipse
img_4565.png,ellipse
img_4566.png,ellipse
img_4567.png,triangle
img_4568.png,hexagon
img_4569.png,square
img_4570.png,rectangle
img_4571.png,octagon
img_4572.png,ellipse
img_4573.png,circle
img_4574.png,ellipse
img_4575.png,square
img_4576.png,hexagon
img_4577.png,ellipse
img_4578.png,octagon
img_4579.png,rectangle
img_4580.png,square
img_4581.png,octagon
img_4582.png,rectangle
img_4583.png,ellipse
img_4584.png,rectangle
img_4585.png,triangle
img_4586.png,triangle
img_4587.png,ellipse
img_4588.png,triangle
img_4589.png,octagon
img_4590.png,square
img_4591.png,ellipse
img_4592.png,square
img_4593.png,rectangle
img_4594.png,triangle
img_4595.png,rectangle
img_4596.png,hexagon
img_4597.png,square
img_4598.png,square
img_4599.png,triangle
img_4600.png,octagon
img_4601.png,square
img_4602.png,triangle
img_4603.png,circle
img_4604.png,hexagon
img_4605.png,hexagon
img_4606.png,circle
img_4607.png,triangle
img_4608.png,rectangle
img_4609.png,rectangle
img_4610.png,octagon
img_4611.png,rectangle
img_4612.png,rectangle
img_4613.png,octagon
img_4614.png,square
img_4615.png,ellipse
img_4616.png,rectangle
img_4617.png,triangle
img_4618.png,circle
img_4619.png,square
img_4620.png,triangle
img_4621.png,ellipse
img_4622.png,hexagon
img_4623.png,octagon
img_4624.png,hexagon
img_4625.png,octagon
img_4626.png,ellipse
img_4627.png,rectangle
img_4628.png,ellipse
img_4629.png,octagon
img_4630.png,hexagon
img_4631.png,square
img_4632.png,circle
img_4633.png,square
img_4634.png,octagon
img_4635.png,square
img_4636.png,hexagon
img_4637.png,octagon
img_4638.png,octagon
img_4639.png,square
img_4640.png,square
img_4641.png,rectangle
img_4642.png,hexagon
img_4643.png,circle
img_4644.png,ellipse
img_4645.png,circle
img_4646.png,hexagon
img_4647.png,hexagon
img_4648.png,octagon
img_4649.png,ellipse
img_4650.png,square
img_4651.png,circle
img_4652.png,ellipse
img_4653.png,circle
img_4654.png,ellipse
img_4655.png,triangle
img_4656.png,triangle
img_4657.png,rectangle
img_4658.png,hexagon
img_4659.png,circle
img_4660.png,octagon
img_4661.png,ellipse
img_4662.png,ellipse
img_4663.png,rectangle
img_4664.png,ellipse
img_4665.png,octagon
img_4666.png,triangle
img_4667.png,circle
img_4668.png,circle
img_4669.png,rectangle
img_4670.png,rectangle
img_4671.png,square
img_4672.png,hexagon
img_4673.png,hexagon
img_4674.png,octagon
img_4675.png,octagon
img_4676.png,circle
img_4677.png,circle
img_4678.png,octagon
img_4679.png,hexagon
img_4680.png,rectangle
img_4681.png,rectangle
img_4682.png,hexagon
img_4683.png,triangle
img_4684.png,triangle
img_4685.png,circle
img_4686.png,hexagon
img_4687.png,rectangle
img_4688.png,square
img_4689.png,circle
img_4690.png,hexagon
img_4691.png,triangle
img_4692.png,circle
img_4693.png,square
img_4694.png,circle
img_4695.png,rectangle
img_4696.png,octagon
img_4697.png,hexagon
img_4698.png,ellipse
img_4699.png,triangle
img_4700.png,triangle
img_4701.png,triangle
img_4702.png,rectangle
img_4703.png,square
img_4704.png,rectangle
img_4705.png,ellipse
img_4706.png,hexagon
img_4707.png,triangle
img_4708.png,octagon
img_4709.png,triangle
img_4710.png,triangle
img_4711.png,square
img_4712.png,rectangle
img_4713.png,square
img_4714.png,circle
img_4715.png,hexagon
img_4716.png,rectangle
img_4717.png,square
img_4718.png,rectangle
img_4719.png,circle
img_4720.png,hexagon
img_4721.png,hexagon
img_4722.png,ellipse
img_4723.png,hexagon
img_4724.png,octagon
img_4725.png,circle
img_4726.png,triangle
img_4727.png,ellipse
img_4728.png,rectangle
img_4729.png,triangle
img_4730.png,rectangle
img_4731.png,octagon
img_4732.png,octagon
img_4733.png,circle
img_4734.png,ellipse
img_4735.png,rectangle
img_4736.png,ellipse
img_4737.png,hexagon
img_4738.png,hexagon
img_4739.png,hexagon
img_4740.png,square
img_4741.png,triangle
img_4742.png,square
img_4743.png,rectangle
img_4744.png,octagon
img_4745.png,square
img_4746.png,hexagon
img_4747.png,hexagon
img_4748.png,circle
img_4749.png,hexagon
img_4750.png,hexagon
img_4751.png,octagon
img_4752.png,hexagon
img_4753.png,circle
img_4754.png,square
img_4755.png,circle
img_4756.png,triangle
img_4757.png,triangle
img_4758.png,ellipse
img_4759.png,hexagon
img_4760.png,square
img_4761.png,ellipse
img_4762.png,ellipse
img_4763.png,hexagon
img_4764.png,hexagon
img_4765.png,octagon
img_4766.png,ellipse
img_4767.png,circle
img_4768.png,octagon
img_4769.png,hexagon
img_4770.png,octagon
img_4771.png,rectangle
img_4772.png,circle
img_4773.png,triangle
img_4774.png,hexagon
img_4775.png,triangle
img_4776.png,hexagon
img_4777.png,square
img_4778.png,triangle
img_4779.png,square
img_4780.png,hexagon
img_4781.png,circle
img_4782.png,octagon
img_4783.png,rectangle
img_4784.png,circle
img_4785.png,octagon
img_4786.png,ellipse
img_4787.png,square
img_4788.png,ellipse
img_4789.png,square
img_4790.png,circle
img_4791.png,hexagon
img_4792.png,ellipse
img_4793.png,hexagon
img_4794.png,square
img_4795.png,rectangle
img_4796.png,ellipse
img_4797.png,circle
img_4798.png,square
img_4799.png,triangle
img_4800.png,ellipse
img_4801.png,octagon
img_4802.png,circle
img_4803.png,hexagon
img_4804.png,hexagon
img_4805.png,triangle
img_4806.png,circle
img_4807.png,rectangle
img_4808.png,circle
img_4809.png,hexagon
img_4810.png,ellipse
img_4811.png,triangle
img_4812.png,ellipse
img_4813.png,square
img_4814.png,ellipse
img_4815.png,ellipse
img_4816.png,octagon
img_4817.png,triangle
img_4818.png,ellipse
img_4819.png,circle
img_4820.png,hexagon
img_4821.png,octagon
img_4822.png,hexagon
img_4823.png,circle
img_4824.png,ellipse
img_4825.png,ellipse
img_4826.png,triangle
img_4827.png,square
img_4828.png,square
img_4829.png,ellipse
img_4830.png,hexagon
img_4831.png,ellipse
img_4832.png,circle
img_4833.png,triangle
img_4834.png,octagon
img_4835.png,circle
img_4836.png,hexagon
img_4837.png,octagon
img_4838.png,octagon
img_4839.png,rectangle
img_4840.png,triangle
img_4841.png,hexagon
img_4842.png,rectangle
img_4843.png,rectangle
img_4844.png,ellipse
img_4845.png,rectangle
img_4846.png,rectangle
img_4847.png,rectangle
img_4848.png,triangle
img_4849.png,circle
img_4850.png,octagon
img_4851.png,square
img_4852.png,octagon
img_4853.png,triangle
img_4854.png,triangle
img_4855.png,rectangle
img_4856.png,octagon
img_4857.png,triangle
img_4858.png,octagon
img_4859.png,circle
img_4860.png,circle
img_4861.png,octagon
img_4862.png,octagon
img_4863.png,square
img_4864.png,square
img_4865.png,square
img_4866.png,rectangle
img_4867.png,square
img_4868.png,triangle
img_4869.png,triangle
img_4870.png,triangle
img_4871.png,ellipse
img_4872.png,octagon
img_4873.png,triangle
img_4874.png,triangle
img_4875.png,circle
img_4876.png,circle
img_4877.png,triangle
img_4878.png,circle
img_4879.png,octagon
img_4880.png,octagon
img_4881.png,hexagon
img_4882.png,octagon
img_4883.png,square
img_4884.png,square
img_4885.png,circle
img_4886.png,hexagon
img_4887.png,ellipse
img_4888.png,triangle
img_4889.png,octagon
img_4890.png,hexagon
img_4891.png,rectangle
img_4892.png,rectangle
img_4893.png,octagon
img_4894.png,rectangle
img_4895.png,triangle
img_4896.png,ellipse
img_4897.png,circle
img_4898.png,triangle
img_4899.png,rectangle
img_4900.png,rectangle
img_4901.png,hexagon
img_4902.png,square
img_4903.png,square
img_4904.png,rectangle
img_4905.png,triangle
img_4906.png,circle
img_4907.png,square
img_4908.png,circle
img_4909.png,octagon
img_4910.png,hexagon
img_4911.png,octagon
img_4912.png,octagon
img_4913.png,circle
img_4914.png,square
img_4915.png,rectangle
img_4916.png,ellipse
img_4917.png,triangle
img_4918.png,hexagon
img_4919.png,rectangle
img_4920.png,octagon
img_4921.png,hexagon
img_4922.png,triangle
img_4923.png,ellipse
img_4924.png,rectangle
img_4925.png,square
img_4926.png,hexagon
img_4927.png,square
img_4928.png,hexagon
img_4929.png,square
img_4930.png,rectangle
img_4931.png,triangle
img_4932.png,ellipse
img_4933.png,square
img_4934.png,octagon
img_4935.png,triangle
img_4936.png,circle
img_4937.png,rectangle
img_4938.png,circle
img_4939.png,rectangle
img_4940.png,circle
img_4941.png,triangle
img_4942.png,triangle
img_4943.png,ellipse
img_4944.png,square
img_4945.png,octagon
img_4946.png,square
img_4947.png,circle
img_4948.png,rectangle
img_4949.png,ellipse
img_4950.png,rectangle
img_4951.png,triangle
img_4952.png,rectangle
img_4953.png,hexagon
img_4954.png,octagon
img_4955.png,square
img_4956.png,hexagon
img_4957.png,triangle
img_4958.png,circle
img_4959.png,ellipse
img_4960.png,hexagon
img_4961.png,triangle
img_4962.png,octagon
img_4963.png,rectangle
img_4964.png,hexagon
img_4965.png,square
img_4966.png,triangle
img_4967.png,triangle
img_4968.png,octagon
img_4969.png,octagon
img_4970.png,triangle
img_4971.png,triangle
img_4972.png,octagon
img_4973.png,circle
img_4974.png,hexagon
img_4975.png,hexagon
img_4976.png,triangle
img_4977.png,circle
img_4978.png,octagon
img_4979.png,triangle
img_4980.png,rectangle
img_4981.png,hexagon
img_4982.png,ellipse
img_4983.png,hexagon
img_4984.png,triangle
img_4985.png,octagon
img_4986.png,circle
img_4987.png,rectangle
img_4988.png,ellipse
img_4989.png,triangle
img_4990.png,square
img_4991.png,ellipse
img_4992.png,hexagon
img_4993.png,square
img_4994.png,triangle
img_4995.png,square
img_4996.png,rectangle
img_4997.png,ellipse
img_4998.png,triangle
img_4999.png,rectangle
img_5000.png,octagon
img_5001.png,circle
img_5002.png,octagon
img_5003.png,triangle
img_5004.png,triangle
img_5005.png,triangle
img_5006.png,circle
img_5007.png,rectangle
img_5008.png,square
img_5009.png,rectangle
img_5010.png,octagon
img_5011.png,octagon
img_5012.png,triangle
img_5013.png,ellipse
img_5014.png,hexagon
img_5015.png,octagon
img_5016.png,triangle
img_5017.png,square
img_5018.png,rectangle
img_5019.png,ellipse
img_5020.png,triangle
img_5021.png,octagon
img_5022.png,square
img_5023.png,square
img_5024.png,ellipse
img_5025.png,octagon
img_5026.png,triangle
img_5027.png,rectangle
img_5028.png,circle
img_5029.png,octagon
img_5030.png,ellipse
img_5031.png,octagon
img_5032.png,circle
img_5033.png,rectangle
img_5034.png,hexagon
img_5035.png,circle
img_5036.png,triangle
img_5037.png,rectangle
img_5038.png,triangle
img_5039.png,circle
img_5040.png,circle
img_5041.png,hexagon
img_5042.png,circle
img_5043.png,ellipse
img_5044.png,rectangle
img_5045.png,ellipse
img_5046.png,circle
img_5047.png,circle
img_5048.png,triangle
img_5049.png,hexagon
img_5050.png,hexagon
img_5051.png,ellipse
img_5052.png,circle
img_5053.png,octagon
img_5054.png,octagon
img_5055.png,circle
img_5056.png,square
img_5057.png,square
img_5058.png,circle
img_5059.png,octagon
img_5060.png,circle
img_5061.png,octagon
img_5062.png,rectangle
img_5063.png,octagon
img_5064.png,rectangle
img_5065.png,triangle
img_5066.png,hexagon
img_5067.png,rectangle
img_5068.png,triangle
img_5069.png,octagon
img_5070.png,ellipse
img_5071.png,octagon
img_5072.png,ellipse
img_5073.png,square
img_5074.png,triangle
img_5075.png,octagon
img_5076.png,square
img_5077.png,circle
img_5078.png,triangle
img_5079.png,circle
img_5080.png,rectangle
img_5081.png,octagon
img_5082.png,rectangle
img_5083.png,triangle
img_5084.png,octagon
img_5085.png,ellipse
img_5086.png,circle
img_5087.png,triangle
img_5088.png,rectangle
img_5089.png,square
img_5090.png,triangle
img_5091.png,octagon
img_5092.png,ellipse
img_5093.png,hexagon
img_5094.png,ellipse
img_5095.png,ellipse
img_5096.png,octagon
img_5097.png,octagon
img_5098.png,square
img_5099.png,octagon
img_5100.png,circle
img_5101.png,octagon
img_5102.png,rectangle
img_5103.png,octagon
img_5104.png,hexagon
img_5105.png,square
img_5106.png,hexagon
img_5107.png,octagon
img_5108.png,rectangle
img_5109.png,octagon
img_5110.png,ellipse
img_5111.png,hexagon
img_5112.png,triangle
img_5113.png,circle
img_5114.png,ellipse
img_5115.png,triangle
img_5116.png,square
img_5117.png,octagon
img_5118.png,circle
img_5119.png,hexagon
img_5120.png,octagon
img_5121.png,triangle
img_5122.png,triangle
img_5123.png,square
img_5124.png,triangle
img_5125.png,square
img_5126.png,ellipse
img_5127.png,square
img_5128.png,square
img_5129.png,triangle
img_5130.png,rectangle
img_5131.png,triangle
img_5132.png,square
img_5133.png,triangle
img_5134.png,hexagon
img_5135.png,rectangle
img_5136.png,circle
img_5137.png,ellipse
img_5138.png,hexagon
img_5139.png,square
img_5140.png,hexagon
img_5141.png,square
img_5142.png,circle
img_5143.png,square
img_5144.png,hexagon
img_5145.png,octagon
img_5146.png,hexagon
img_5147.png,rectangle
img_5148.png,rectangle
img_5149.png,square
img_5150.png,hexagon
img_5151.png,triangle
img_5152.png,rectangle
img_5153.png,circle
img_5154.png,octagon
img_5155.png,rectangle
img_5156.png,octagon
img_5157.png,circle
img_5158.png,square
img_5159.png,square
img_5160.png,rectangle
img_5161.png,octagon
img_5162.png,square
img_5163.png,rectangle
img_5164.png,hexagon
img_5165.png,triangle
img_5166.png,octagon
img_5167.png,circle
img_5168.png,hexagon
img_5169.png,square
img_5170.png,hexagon
img_5171.png,rectangle
img_5172.png,hexagon
img_5173.png,hexagon
img_5174.png,square
img_5175.png,square
img_5176.png,hexagon
img_5177.png,hexagon
img_5178.png,square
img_5179.png,hexagon
img_5180.png,ellipse
img_5181.png,hexagon
img_5182.png,hexagon
img_5183.png,circle
img_5184.png,rectangle
img_5185.png,rectangle
img_5186.png,ellipse
img_5187.png,octagon
img_5188.png,hexagon
img_5189.png,ellipse
img_5190.png,triangle
img_5191.png,octagon
img_5192.png,rectangle
img_5193.png,ellipse
img_5194.png,octagon
img_5195.png,ellipse
img_5196.png,ellipse
img_5197.png,circle
img_5198.png,triangle
img_5199.png,square
img_5200.png,hexagon
img_5201.png,square
img_5202.png,square
img_5203.png,octagon
img_5204.png,square
img_5205.png,triangle
img_5206.png,octagon
img_5207.png,rectangle
img_5208.png,rectangle
img_5209.png,ellipse
img_5210.png,ellipse
img_5211.png,circle
img_5212.png,circle
img_5213.png,triangle
img_5214.png,rectangle
img_5215.png,circle
img_5216.png,circle
img_5217.png,rectangle
img_5218.png,triangle
img_5219.png,rectangle
img_5220.png,hexagon
img_5221.png,octagon
img_5222.png,square
img_5223.png,octagon
img_5224.png,octagon
img_5225.png,hexagon
img_5226.png,circle
img_5227.png,triangle
img_5228.png,ellipse
img_5229.png,square
img_5230.png,ellipse
img_5231.png,octagon
img_5232.png,square
img_5233.png,ellipse
img_5234.png,ellipse
img_5235.png,circle
img_5236.png,octagon
img_5237.png,octagon
img_5238.png,triangle
img_5239.png,triangle
img_5240.png,ellipse
img_5241.png,hexagon
img_5242.png,ellipse
img_5243.png,square
img_5244.png,ellipse
img_5245.png,triangle
img_5246.png,ellipse
img_5247.png,rectangle
img_5248.png,hexagon
img_5249.png,hexagon
img_5250.png,octagon
img_5251.png,square
img_5252.png,hexagon
img_5253.png,rectangle
img_5254.png,ellipse
img_5255.png,square
img_5256.png,triangle
img_5257.png,square
img_5258.png,rectangle
img_5259.png,square
img_5260.png,octagon
img_5261.png,square
img_5262.png,hexagon
img_5263.png,circle
img_5264.png,triangle
img_5265.png,triangle
img_5266.png,rectangle
img_5267.png,octagon
img_5268.png,triangle
img_5269.png,rectangle
img_5270.png,circle
img_5271.png,square
img_5272.png,circle
img_5273.png,ellipse
img_5274.png,hexagon
img_5275.png,octagon
img_5276.png,square
img_5277.png,octagon
img_5278.png,triangle
img_5279.png,octagon
img_5280.png,octagon
img_5281.png,hexagon
img_5282.png,circle
img_5283.png,ellipse
img_5284.png,ellipse
img_5285.png,octagon
img_5286.png,circle
img_5287.png,triangle
img_5288.png,ellipse
img_5289.png,ellipse
img_5290.png,triangle
img_5291.png,triangle
img_5292.png,square
img_5293.png,circle
img_5294.png,hexagon
img_5295.png,circle
img_5296.png,rectangle
img_5297.png,rectangle
img_5298.png,hexagon
img_5299.png,hexagon
img_5300.png,rectangle
img_5301.png,square
img_5302.png,rectangle
img_5303.png,ellipse
img_5304.png,octagon
img_5305.png,circle
img_5306.png,rectangle
img_5307.png,rectangle
img_5308.png,square
img_5309.png,square
img_5310.png,ellipse
img_5311.png,triangle
img_5312.png,ellipse
img_5313.png,ellipse
img_5314.png,octagon
img_5315.png,triangle
img_5316.png,ellipse
img_5317.png,octagon
img_5318.png,triangle
img_5319.png,rectangle
img_5320.png,ellipse
img_5321.png,rectangle
img_5322.png,ellipse
img_5323.png,ellipse
img_5324.png,hexagon
img_5325.png,octagon
img_5326.png,square
img_5327.png,circle
img_5328.png,square
img_5329.png,ellipse
img_5330.png,hexagon
img_5331.png,hexagon
img_5332.png,triangle
img_5333.png,circle
img_5334.png,rectangle
img_5335.png,triangle
img_5336.png,ellipse
img_5337.png,rectangle
img_5338.png,rectangle
img_5339.png,rectangle
img_5340.png,hexagon
img_5341.png,hexagon
img_5342.png,circle
img_5343.png,octagon
img_5344.png,circle
img_5345.png,square
img_5346.png,circle
img_5347.png,hexagon
img_5348.png,hexagon
img_5349.png,octagon
img_5350.png,square
img_5351.png,rectangle
img_5352.png,rectangle
img_5353.png,triangle
img_5354.png,hexagon
img_5355.png,rectangle
img_5356.png,triangle
img_5357.png,square
img_5358.png,hexagon
img_5359.png,circle
img_5360.png,ellipse
img_5361.png,octagon
img_5362.png,ellipse
img_5363.png,triangle
img_5364.png,square
img_5365.png,octagon
img_5366.png,triangle
img_5367.png,ellipse
img_5368.png,ellipse
img_5369.png,triangle
img_5370.png,ellipse
img_5371.png,circle
img_5372.png,circle
img_5373.png,circle
img_5374.png,ellipse
img_5375.png,rectangle
img_5376.png,rectangle
img_5377.png,hexagon
img_5378.png,hexagon
img_5379.png,hexagon
img_5380.png,square
img_5381.png,triangle
img_5382.png,octagon
img_5383.png,square
img_5384.png,circle
img_5385.png,octagon
img_5386.png,octagon
img_5387.png,square
img_5388.png,square
img_5389.png,square
img_5390.png,triangle
img_5391.png,octagon
img_5392.png,ellipse
img_5393.png,octagon
img_5394.png,ellipse
img_5395.png,triangle
img_5396.png,ellipse
img_5397.png,octagon
img_5398.png,ellipse
img_5399.png,ellipse
img_5400.png,square
img_5401.png,square
img_5402.png,octagon
img_5403.png,hexagon
img_5404.png,octagon
img_5405.png,circle
img_5406.png,rectangle
img_5407.png,square
img_5408.png,triangle
img_5409.png,rectangle
img_5410.png,triangle
img_5411.png,triangle
img_5412.png,square
img_5413.png,hexagon
img_5414.png,rectangle
img_5415.png,circle
img_5416.png,hexagon
img_5417.png,triangle
img_5418.png,hexagon
img_5419.png,rectangle
img_5420.png,square
img_5421.png,rectangle
img_5422.png,hexagon
img_5423.png,octagon
img_5424.png,hexagon
img_5425.png,rectangle
img_5426.png,rectangle
img_5427.png,triangle
img_5428.png,rectangle
img_5429.png,rectangle
img_5430.png,rectangle
img_5431.png,ellipse
img_5432.png,ellipse
img_5433.png,square
img_5434.png,octagon
img_5435.png,ellipse
img_5436.png,square
img_5437.png,rectangle
img_5438.png,rectangle
img_5439.png,triangle
img_5440.png,square
img_5441.png,octagon
img_5442.png,rectangle
img_5443.png,triangle
img_5444.png,square
img_5445.png,hexagon
img_5446.png,ellipse
img_5447.png,ellipse
img_5448.png,octagon
img_5449.png,triangle
img_5450.png,square
img_5451.png,triangle
img_5452.png,square
img_5453.png,octagon
img_5454.png,triangle
img_5455.png,ellipse
img_5456.png,octagon
img_5457.png,ellipse
img_5458.png,octagon
img_5459.png,circle
img_5460.png,rectangle
img_5461.png,rectangle
img_5462.png,hexagon
img_5463.png,triangle
img_5464.png,triangle
img_5465.png,circle
img_5466.png,hexagon
img_5467.png,rectangle
img_5468.png,square
img_5469.png,circle
img_5470.png,hexagon
img_5471.png,square
img_5472.png,triangle
img_5473.png,square
img_5474.png,hexagon
img_5475.png,ellipse
img_5476.png,rectangle
img_5477.png,circle
img_5478.png,hexagon
img_5479.png,octagon
img_5480.png,circle
img_5481.png,rectangle
img_5482.png,octagon
img_5483.png,hexagon
img_5484.png,square
img_5485.png,square
img_5486.png,triangle
img_5487.png,rectangle
img_5488.png,square
img_5489.png,triangle
img_5490.png,octagon
img_5491.png,rectangle
img_5492.png,hexagon
img_5493.png,circle
img_5494.png,octagon
img_5495.png,circle
img_5496.png,octagon
img_5497.png,octagon
img_5498.png,ellipse
img_5499.png,hexagon
img_5500.png,rectangle
img_5501.png,ellipse
img_5502.png,triangle
img_5503.png,square
img_5504.png,rectangle
img_5505.png,square
img_5506.png,ellipse
img_5507.png,hexagon
img_5508.png,square
img_5509.png,circle
img_5510.png,circle
img_5511.png,circle
img_5512.png,rectangle
img_5513.png,ellipse
img_5514.png,rectangle
img_5515.png,ellipse
img_5516.png,rectangle
img_5517.png,ellipse
img_5518.png,triangle
img_5519.png,ellipse
img_5520.png,triangle
img_5521.png,rectangle
img_5522.png,ellipse
img_5523.png,ellipse
img_5524.png,rectangle
img_5525.png,triangle
img_5526.png,circle
img_5527.png,circle
img_5528.png,triangle
img_5529.png,ellipse
img_5530.png,ellipse
img_5531.png,square
img_5532.png,triangle
img_5533.png,rectangle
img_5534.png,square
img_5535.png,circle
img_5536.png,octagon
img_5537.png,octagon
img_5538.png,octagon
img_5539.png,ellipse
img_5540.png,rectangle
img_5541.png,hexagon
img_5542.png,rectangle
img_5543.png,square
img_5544.png,triangle
img_5545.png,ellipse
img_5546.png,hexagon
img_5547.png,octagon
img_5548.png,circle
img_5549.png,triangle
img_5550.png,square
img_5551.png,rectangle
img_5552.png,square
img_5553.png,hexagon
img_5554.png,octagon
img_5555.png,rectangle
img_5556.png,octagon
img_5557.png,triangle
img_5558.png,rectangle
img_5559.png,ellipse
img_5560.png,square
img_5561.png,octagon
img_5562.png,triangle
img_5563.png,ellipse
img_5564.png,circle
img_5565.png,rectangle
img_5566.png,rectangle
img_5567.png,triangle
img_5568.png,rectangle
img_5569.png,circle
img_5570.png,ellipse
img_5571.png,octagon
img_5572.png,square
img_5573.png,circle
img_5574.png,ellipse
img_5575.png,octagon
img_5576.png,square
img_5577.png,octagon
img_5578.png,hexagon
img_5579.png,octagon
img_5580.png,rectangle
img_5581.png,octagon
img_5582.png,square
img_5583.png,ellipse
img_5584.png,ellipse
img_5585.png,triangle
img_5586.png,circle
img_5587.png,hexagon
img_5588.png,octagon
img_5589.png,hexagon
img_5590.png,hexagon
img_5591.png,rectangle
img_5592.png,square
img_5593.png,octagon
img_5594.png,hexagon
img_5595.png,octagon
img_5596.png,triangle
img_5597.png,ellipse
img_5598.png,rectangle
img_5599.png,ellipse
img_5600.png,circle
img_5601.png,rectangle
img_5602.png,rectangle
img_5603.png,circle
img_5604.png,hexagon
img_5605.png,hexagon
img_5606.png,ellipse
img_5607.png,triangle
img_5608.png,triangle
img_5609.png,ellipse
img_5610.png,ellipse
img_5611.png,ellipse
img_5612.png,ellipse
img_5613.png,hexagon
img_5614.png,triangle
img_5615.png,ellipse
img_5616.png,circle
img_5617.png,rectangle
img_5618.png,circle
img_5619.png,triangle
img_5620.png,triangle
img_5621.png,hexagon
img_5622.png,square
img_5623.png,triangle
img_5624.png,rectangle
img_5625.png,circle
img_5626.png,rectangle
img_5627.png,octagon
img_5628.png,ellipse
img_5629.png,ellipse
img_5630.png,hexagon
img_5631.png,octagon
img_5632.png,rectangle
img_5633.png,circle
img_5634.png,ellipse
img_5635.png,octagon
img_5636.png,square
img_5637.png,octagon
img_5638.png,ellipse
img_5639.png,square
img_5640.png,rectangle
img_5641.png,octagon
img_5642.png,rectangle
img_5643.png,triangle
img_5644.png,hexagon
img_5645.png,square
img_5646.png,circle
img_5647.png,octagon
img_5648.png,hexagon
img_5649.png,circle
img_5650.png,square
img_5651.png,circle
img_5652.png,square
img_5653.png,rectangle
img_5654.png,rectangle
img_5655.png,triangle
img_5656.png,circle
img_5657.png,ellipse
img_5658.png,square
img_5659.png,rectangle
img_5660.png,rectangle
img_5661.png,square
img_5662.png,octagon
img_5663.png,octagon
img_5664.png,rectangle
img_5665.png,hexagon
img_5666.png,rectangle
img_5667.png,octagon
img_5668.png,circle
img_5669.png,circle
img_5670.png,hexagon
img_5671.png,hexagon
img_5672.png,circle
img_5673.png,square
img_5674.png,ellipse
img_5675.png,square
img_5676.png,octagon
img_5677.png,octagon
img_5678.png,octagon
img_5679.png,octagon
img_5680.png,circle
img_5681.png,circle
img_5682.png,hexagon
img_5683.png,hexagon
img_5684.png,square
img_5685.png,hexagon
img_5686.png,square
img_5687.png,octagon
img_5688.png,triangle
img_5689.png,square
img_5690.png,octagon
img_5691.png,triangle
img_5692.png,octagon
img_5693.png,ellipse
img_5694.png,triangle
img_5695.png,hexagon
img_5696.png,rectangle
img_5697.png,square
img_5698.png,circle
img_5699.png,circle
img_5700.png,hexagon
img_5701.png,triangle
img_5702.png,hexagon
img_5703.png,triangle
img_5704.png,hexagon
img_5705.png,circle
img_5706.png,ellipse
img_5707.png,circle
img_5708.png,circle
img_5709.png,triangle
img_5710.png,octagon
img_5711.png,rectangle
img_5712.png,square
img_5713.png,square
img_5714.png,square
img_5715.png,hexagon
img_5716.png,rectangle
img_5717.png,triangle
img_5718.png,hexagon
img_5719.png,circle
img_5720.png,triangle
img_5721.png,octagon
img_5722.png,octagon
img_5723.png,triangle
img_5724.png,circle
img_5725.png,triangle
img_5726.png,rectangle
img_5727.png,circle
img_5728.png,square
img_5729.png,rectangle
img_5730.png,square
img_5731.png,ellipse
img_5732.png,triangle
img_5733.png,rectangle
img_5734.png,circle
img_5735.png,triangle
img_5736.png,circle
img_5737.png,circle
img_5738.png,hexagon
img_5739.png,rectangle
img_5740.png,square
img_5741.png,circle
img_5742.png,rectangle
img_5743.png,ellipse
img_5744.png,circle
img_5745.png,square
img_5746.png,rectangle
img_5747.png,ellipse
img_5748.png,square
img_5749.png,square
img_5750.png,circle
img_5751.png,triangle
img_5752.png,octagon
img_5753.png,square
img_5754.png,octagon
img_5755.png,triangle
img_5756.png,hexagon
img_5757.png,rectangle
img_5758.png,triangle
img_5759.png,rectangle
img_5760.png,triangle
img_5761.png,ellipse
img_5762.png,octagon
img_5763.png,rectangle
img_5764.png,ellipse
img_5765.png,square
img_5766.png,octagon
img_5767.png,ellipse
img_5768.png,triangle
img_5769.png,octagon
img_5770.png,ellipse
img_5771.png,octagon
img_5772.png,circle
img_5773.png,rectangle
img_5774.png,octagon
img_5775.png,ellipse
img_5776.png,octagon
img_5777.png,hexagon
img_5778.png,square
img_5779.png,hexagon
img_5780.png,circle
img_5781.png,triangle
img_5782.png,square
img_5783.png,ellipse
img_5784.png,circle
img_5785.png,octagon
img_5786.png,ellipse
img_5787.png,ellipse
img_5788.png,octagon
img_5789.png,hexagon
img_5790.png,hexagon
img_5791.png,ellipse
img_5792.png,circle
img_5793.png,rectangle
img_5794.png,triangle
img_5795.png,square
img_5796.png,triangle
img_5797.png,octagon
img_5798.png,octagon
img_5799.png,octagon
img_5800.png,octagon
img_5801.png,hexagon
img_5802.png,octagon
img_5803.png,ellipse
img_5804.png,triangle
img_5805.png,square
img_5806.png,circle
img_5807.png,circle
img_5808.png,rectangle
img_5809.png,square
img_5810.png,square
img_5811.png,square
img_5812.png,hexagon
img_5813.png,ellipse
img_5814.png,ellipse
img_5815.png,triangle
img_5816.png,square
img_5817.png,hexagon
img_5818.png,octagon
img_5819.png,octagon
img_5820.png,square
img_5821.png,circle
img_5822.png,triangle
img_5823.png,triangle
img_5824.png,octagon
img_5825.png,octagon
img_5826.png,octagon
img_5827.png,circle
img_5828.png,octagon
img_5829.png,circle
img_5830.png,hexagon
img_5831.png,octagon
img_5832.png,circle
img_5833.png,triangle
img_5834.png,rectangle
img_5835.png,rectangle
img_5836.png,circle
img_5837.png,ellipse
img_5838.png,ellipse
img_5839.png,square
img_5840.png,circle
img_5841.png,square
img_5842.png,ellipse
img_5843.png,octagon
img_5844.png,ellipse
img_5845.png,triangle
img_5846.png,octagon
img_5847.png,rectangle
img_5848.png,octagon
img_5849.png,circle
img_5850.png,rectangle
img_5851.png,square
img_5852.png,ellipse
img_5853.png,ellipse
img_5854.png,square
img_5855.png,triangle
img_5856.png,octagon
img_5857.png,octagon
img_5858.png,circle
img_5859.png,square
img_5860.png,square
img_5861.png,circle
img_5862.png,circle
img_5863.png,ellipse
img_5864.png,circle
img_5865.png,triangle
img_5866.png,circle
img_5867.png,ellipse
img_5868.png,triangle
img_5869.png,octagon
img_5870.png,octagon
img_5871.png,circle
img_5872.png,octagon
img_5873.png,ellipse
img_5874.png,hexagon
img_5875.png,triangle
img_5876.png,ellipse
img_5877.png,rectangle
img_5878.png,ellipse
img_5879.png,circle
img_5880.png,rectangle
img_5881.png,rectangle
img_5882.png,circle
img_5883.png,octagon
img_5884.png,hexagon
img_5885.png,triangle
img_5886.png,rectangle
img_5887.png,square
img_5888.png,circle
img_5889.png,octagon
img_5890.png,ellipse
img_5891.png,square
img_5892.png,ellipse
img_5893.png,rectangle
img_5894.png,triangle
img_5895.png,rectangle
img_5896.png,circle
img_5897.png,octagon
img_5898.png,ellipse
img_5899.png,rectangle
img_5900.png,square
img_5901.png,octagon
img_5902.png,circle
img_5903.png,circle
img_5904.png,hexagon
img_5905.png,ellipse
img_5906.png,rectangle
img_5907.png,ellipse
img_5908.png,square
img_5909.png,triangle
img_5910.png,triangle
img_5911.png,circle
img_5912.png,square
img_5913.png,triangle
img_5914.png,ellipse
img_5915.png,ellipse
img_5916.png,hexagon
img_5917.png,triangle
img_5918.png,octagon
img_5919.png,rectangle
img_5920.png,triangle
img_5921.png,hexagon
img_5922.png,octagon
img_5923.png,ellipse
img_5924.png,square
img_5925.png,triangle
img_5926.png,ellipse
img_5927.png,ellipse
img_5928.png,ellipse
img_5929.png,rectangle
img_5930.png,hexagon
img_5931.png,hexagon
img_5932.png,rectangle
img_5933.png,circle
img_5934.png,ellipse
img_5935.png,triangle
img_5936.png,triangle
img_5937.png,octagon
img_5938.png,rectangle
img_5939.png,ellipse
img_5940.png,circle
img_5941.png,circle
img_5942.png,octagon
img_5943.png,ellipse
img_5944.png,circle
img_5945.png,rectangle
img_5946.png,square
img_5947.png,hexagon
img_5948.png,hexagon
img_5949.png,ellipse
img_5950.png,ellipse
img_5951.png,square
img_5952.png,rectangle
img_5953.png,square
img_5954.png,rectangle
img_5955.png,circle
img_5956.png,triangle
img_5957.png,octagon
img_5958.png,square
img_5959.png,square
img_5960.png,circle
img_5961.png,rectangle
img_5962.png,square
img_5963.png,octagon
img_5964.png,ellipse
img_5965.png,hexagon
img_5966.png,hexagon
img_5967.png,square
img_5968.png,rectangle
img_5969.png,triangle
img_5970.png,square
img_5971.png,circle
img_5972.png,circle
img_5973.png,triangle
img_5974.png,triangle
img_5975.png,circle
img_5976.png,hexagon
img_5977.png,rectangle
img_5978.png,triangle
img_5979.png,hexagon
img_5980.png,octagon
img_5981.png,hexagon
img_5982.png,square
img_5983.png,circle
img_5984.png,circle
img_5985.png,triangle
img_5986.png,square
img_5987.png,triangle
img_5988.png,rectangle
img_5989.png,rectangle
img_5990.png,octagon
img_5991.png,hexagon
img_5992.png,ellipse
img_5993.png,triangle
img_5994.png,ellipse
img_5995.png,circle
img_5996.png,rectangle
img_5997.png,octagon
img_5998.png,hexagon
img_5999.png,circle
img_6000.png,rectangle
img_6001.png,hexagon
img_6002.png,triangle
img_6003.png,triangle
img_6004.png,octagon
img_6005.png,ellipse
img_6006.png,octagon
img_6007.png,rectangle
img_6008.png,octagon
img_6009.png,octagon
img_6010.png,octagon
img_6011.png,hexagon
img_6012.png,hexagon
img_6013.png,circle
img_6014.png,circle
img_6015.png,hexagon
img_6016.png,triangle
img_6017.png,rectangle
img_6018.png,rectangle
img_6019.png,rectangle
img_6020.png,octagon
img_6021.png,rectangle
img_6022.png,octagon
img_6023.png,rectangle
img_6024.png,octagon
img_6025.png,hexagon
img_6026.png,hexagon
img_6027.png,hexagon
img_6028.png,rectangle
img_6029.png,ellipse
img_6030.png,octagon
img_6031.png,ellipse
img_6032.png,triangle
img_6033.png,rectangle
img_6034.png,hexagon
img_6035.png,octagon
img_6036.png,octagon
img_6037.png,ellipse
img_6038.png,circle
img_6039.png,triangle
img_6040.png,triangle
img_6041.png,square
img_6042.png,triangle
img_6043.png,circle
img_6044.png,circle
img_6045.png,triangle
img_6046.png,circle
img_6047.png,rectangle
img_6048.png,rectangle
img_6049.png,octagon
img_6050.png,hexagon
img_6051.png,octagon
img_6052.png,rectangle
img_6053.png,circle
img_6054.png,hexagon
img_6055.png,circle
img_6056.png,triangle
img_6057.png,hexagon
img_6058.png,square
img_6059.png,square
img_6060.png,octagon
img_6061.png,triangle
img_6062.png,triangle
img_6063.png,square
img_6064.png,circle
img_6065.png,ellipse
img_6066.png,rectangle
img_6067.png,triangle
img_6068.png,octagon
img_6069.png,square
img_6070.png,rectangle
img_6071.png,hexagon
img_6072.png,square
img_6073.png,hexagon
img_6074.png,circle
img_6075.png,ellipse
img_6076.png,square
img_6077.png,octagon
img_6078.png,octagon
img_6079.png,square
img_6080.png,square
img_6081.png,hexagon
img_6082.png,circle
img_6083.png,square
img_6084.png,octagon
img_6085.png,octagon
img_6086.png,triangle
img_6087.png,ellipse
img_6088.png,triangle
img_6089.png,ellipse
img_6090.png,rectangle
img_6091.png,square
img_6092.png,triangle
img_6093.png,octagon
img_6094.png,square
img_6095.png,rectangle
img_6096.png,rectangle
img_6097.png,octagon
img_6098.png,circle
img_6099.png,octagon
img_6100.png,square
img_6101.png,octagon
img_6102.png,square
img_6103.png,circle
img_6104.png,circle
img_6105.png,hexagon
img_6106.png,hexagon
img_6107.png,square
img_6108.png,square
img_6109.png,octagon
img_6110.png,circle
img_6111.png,ellipse
img_6112.png,hexagon
img_6113.png,ellipse
img_6114.png,ellipse
img_6115.png,circle
img_6116.png,triangle
img_6117.png,square
img_6118.png,rectangle
img_6119.png,ellipse
img_6120.png,ellipse
img_6121.png,rectangle
img_6122.png,octagon
img_6123.png,triangle
img_6124.png,square
img_6125.png,circle
img_6126.png,rectangle
img_6127.png,circle
img_6128.png,rectangle
img_6129.png,circle
img_6130.png,square
img_6131.png,circle
img_6132.png,octagon
img_6133.png,triangle
img_6134.png,rectangle
img_6135.png,circle
img_6136.png,square
img_6137.png,ellipse
img_6138.png,rectangle
img_6139.png,triangle
img_6140.png,rectangle
img_6141.png,ellipse
img_6142.png,ellipse
img_6143.png,square
img_6144.png,rectangle
img_6145.png,circle
img_6146.png,triangle
img_6147.png,ellipse
img_6148.png,square
img_6149.png,hexagon
img_6150.png,octagon
img_6151.png,triangle
img_6152.png,circle
img_6153.png,ellipse
img_6154.png,triangle
img_6155.png,rectangle
img_6156.png,triangle
img_6157.png,hexagon
img_6158.png,octagon
img_6159.png,square
img_6160.png,rectangle
img_6161.png,square
img_6162.png,circle
img_6163.png,hexagon
img_6164.png,rectangle
img_6165.png,triangle
img_6166.png,octagon
img_6167.png,rectangle
img_6168.png,hexagon
img_6169.png,rectangle
img_6170.png,ellipse
img_6171.png,hexagon
img_6172.png,square
img_6173.png,hexagon
img_6174.png,hexagon
img_6175.png,circle
img_6176.png,octagon
img_6177.png,triangle
img_6178.png,square
img_6179.png,rectangle
img_6180.png,rectangle
img_6181.png,circle
img_6182.png,ellipse
img_6183.png,octagon
img_6184.png,circle
img_6185.png,octagon
img_6186.png,ellipse
img_6187.png,triangle
img_6188.png,circle
img_6189.png,rectangle
img_6190.png,square
img_6191.png,triangle
img_6192.png,hexagon
img_6193.png,triangle
img_6194.png,triangle
img_6195.png,rectangle
img_6196.png,ellipse
img_6197.png,square
img_6198.png,rectangle
img_6199.png,circle
img_6200.png,triangle
img_6201.png,rectangle
img_6202.png,square
img_6203.png,hexagon
img_6204.png,circle
img_6205.png,rectangle
img_6206.png,hexagon
img_6207.png,circle
img_6208.png,hexagon
img_6209.png,circle
img_6210.png,triangle
img_6211.png,circle
img_6212.png,square
img_6213.png,ellipse
img_6214.png,ellipse
img_6215.png,square
img_6216.png,rectangle
img_6217.png,octagon
img_6218.png,rectangle
img_6219.png,triangle
img_6220.png,hexagon
img_6221.png,hexagon
img_6222.png,triangle
img_6223.png,rectangle
img_6224.png,hexagon
img_6225.png,octagon
img_6226.png,circle
img_6227.png,square
img_6228.png,rectangle
img_6229.png,ellipse
img_6230.png,square
img_6231.png,octagon
img_6232.png,triangle
img_6233.png,ellipse
img_6234.png,square
img_6235.png,octagon
img_6236.png,ellipse
img_6237.png,rectangle
img_6238.png,triangle
img_6239.png,square
img_6240.png,rectangle
img_6241.png,ellipse
img_6242.png,triangle
img_6243.png,circle
img_6244.png,hexagon
img_6245.png,hexagon
img_6246.png,circle
img_6247.png,hexagon
img_6248.png,ellipse
img_6249.png,triangle
img_6250.png,circle
img_6251.png,hexagon
img_6252.png,triangle
img_6253.png,hexagon
img_6254.png,octagon
img_6255.png,triangle
img_6256.png,circle
img_6257.png,hexagon
img_6258.png,rectangle
img_6259.png,square
img_6260.png,hexagon
img_6261.png,octagon
img_6262.png,circle
img_6263.png,octagon
img_6264.png,octagon
img_6265.png,circle
img_6266.png,square
img_6267.png,octagon
img_6268.png,square
img_6269.png,rectangle
img_6270.png,circle
img_6271.png,triangle
img_6272.png,hexagon
img_6273.png,square
img_6274.png,triangle
img_6275.png,ellipse
img_6276.png,circle
img_6277.png,circle
img_6278.png,hexagon
img_6279.png,hexagon
img_6280.png,hexagon
img_6281.png,rectangle
img_6282.png,hexagon
img_6283.png,rectangle
img_6284.png,circle
img_6285.png,square
img_6286.png,octagon
img_6287.png,octagon
img_6288.png,circle
img_6289.png,circle
img_6290.png,hexagon
img_6291.png,circle
img_6292.png,hexagon
img_6293.png,triangle
img_6294.png,triangle
img_6295.png,ellipse
img_6296.png,triangle
img_6297.png,ellipse
img_6298.png,rectangle
img_6299.png,triangle
img_6300.png,octagon
img_6301.png,square
img_6302.png,square
img_6303.png,circle
img_6304.png,rectangle
img_6305.png,triangle
img_6306.png,circle
img_6307.png,triangle
img_6308.png,circle
img_6309.png,square
img_6310.png,triangle
img_6311.png,triangle
img_6312.png,rectangle
img_6313.png,triangle
img_6314.png,circle
img_6315.png,circle
img_6316.png,ellipse
img_6317.png,circle
img_6318.png,triangle
img_6319.png,ellipse
img_6320.png,square
img_6321.png,square
img_6322.png,rectangle
img_6323.png,octagon
img_6324.png,square
img_6325.png,ellipse
img_6326.png,circle
img_6327.png,triangle
img_6328.png,ellipse
img_6329.png,square
img_6330.png,triangle
img_6331.png,rectangle
img_6332.png,hexagon
img_6333.png,octagon
img_6334.png,ellipse
img_6335.png,triangle
img_6336.png,rectangle
img_6337.png,octagon
img_6338.png,ellipse
img_6339.png,hexagon
img_6340.png,triangle
img_6341.png,circle
img_6342.png,octagon
img_6343.png,circle
img_6344.png,octagon
img_6345.png,hexagon
img_6346.png,octagon
img_6347.png,rectangle
img_6348.png,rectangle
img_6349.png,square
img_6350.png,circle
img_6351.png,hexagon
img_6352.png,hexagon
img_6353.png,octagon
img_6354.png,square
img_6355.png,triangle
img_6356.png,triangle
img_6357.png,rectangle
img_6358.png,circle
img_6359.png,ellipse
img_6360.png,square
img_6361.png,octagon
img_6362.png,octagon
img_6363.png,ellipse
img_6364.png,triangle
img_6365.png,hexagon
img_6366.png,octagon
img_6367.png,rectangle
img_6368.png,square
img_6369.png,hexagon
img_6370.png,rectangle
img_6371.png,hexagon
img_6372.png,hexagon
img_6373.png,rectangle
img_6374.png,square
img_6375.png,rectangle
img_6376.png,square
img_6377.png,hexagon
img_6378.png,ellipse
img_6379.png,hexagon
img_6380.png,triangle
img_6381.png,square
img_6382.png,circle
img_6383.png,circle
img_6384.png,rectangle
img_6385.png,rectangle
img_6386.png,square
img_6387.png,square
img_6388.png,rectangle
img_6389.png,square
img_6390.png,rectangle
img_6391.png,hexagon
img_6392.png,hexagon
img_6393.png,octagon
img_6394.png,triangle
img_6395.png,rectangle
img_6396.png,triangle
img_6397.png,square
img_6398.png,triangle
img_6399.png,square
img_6400.png,ellipse
img_6401.png,rectangle
img_6402.png,rectangle
img_6403.png,triangle
img_6404.png,circle
img_6405.png,square
img_6406.png,octagon
img_6407.png,circle
img_6408.png,triangle
img_6409.png,hexagon
img_6410.png,rectangle
img_6411.png,rectangle
img_6412.png,circle
img_6413.png,octagon
img_6414.png,circle
img_6415.png,hexagon
img_6416.png,octagon
img_6417.png,circle
img_6418.png,circle
img_6419.png,circle
img_6420.png,square
img_6421.png,triangle
img_6422.png,circle
img_6423.png,octagon
img_6424.png,triangle
img_6425.png,rectangle
img_6426.png,circle
img_6427.png,triangle
img_6428.png,ellipse
img_6429.png,triangle
img_6430.png,triangle
img_6431.png,octagon
img_6432.png,circle
img_6433.png,rectangle
img_6434.png,hexagon
img_6435.png,octagon
img_6436.png,triangle
img_6437.png,triangle
img_6438.png,triangle
img_6439.png,ellipse
img_6440.png,octagon
img_6441.png,ellipse
img_6442.png,octagon
img_6443.png,circle
img_6444.png,octagon
img_6445.png,square
img_6446.png,circle
img_6447.png,octagon
img_6448.png,octagon
img_6449.png,square
img_6450.png,triangle
img_6451.png,octagon
img_6452.png,ellipse
img_6453.png,rectangle
img_6454.png,rectangle
img_6455.png,triangle
img_6456.png,octagon
img_6457.png,octagon
img_6458.png,square
img_6459.png,circle
img_6460.png,rectangle
img_6461.png,square
img_6462.png,rectangle
img_6463.png,square
img_6464.png,circle
img_6465.png,triangle
img_6466.png,square
img_6467.png,ellipse
img_6468.png,octagon
img_6469.png,rectangle
img_6470.png,triangle
img_6471.png,ellipse
img_6472.png,octagon
img_6473.png,octagon
img_6474.png,ellipse
img_6475.png,octagon
img_6476.png,ellipse
img_6477.png,circle
img_6478.png,octagon
img_6479.png,hexagon
img_6480.png,octagon
img_6481.png,ellipse
img_6482.png,ellipse
img_6483.png,circle
img_6484.png,rectangle
img_6485.png,octagon
img_6486.png,rectangle
img_6487.png,rectangle
img_6488.png,circle
img_6489.png,square
img_6490.png,hexagon
img_6491.png,rectangle
img_6492.png,hexagon
img_6493.png,octagon
img_6494.png,rectangle
img_6495.png,square
img_6496.png,ellipse
img_6497.png,square
img_6498.png,triangle
img_6499.png,hexagon
img_6500.png,triangle
img_6501.png,hexagon
img_6502.png,circle
img_6503.png,ellipse
img_6504.png,rectangle
img_6505.png,hexagon
img_6506.png,circle
img_6507.png,circle
img_6508.png,rectangle
img_6509.png,octagon
img_6510.png,triangle
img_6511.png,rectangle
img_6512.png,hexagon
img_6513.png,hexagon
img_6514.png,ellipse
img_6515.png,square
img_6516.png,ellipse
img_6517.png,square
img_6518.png,square
img_6519.png,circle
img_6520.png,circle
img_6521.png,rectangle
img_6522.png,octagon
img_6523.png,circle
img_6524.png,octagon
img_6525.png,square
img_6526.png,circle
img_6527.png,circle
img_6528.png,hexagon
img_6529.png,square
img_6530.png,triangle
img_6531.png,circle
img_6532.png,triangle
img_6533.png,square
img_6534.png,octagon
img_6535.png,octagon
img_6536.png,octagon
img_6537.png,rectangle
img_6538.png,triangle
img_6539.png,rectangle
img_6540.png,triangle
img_6541.png,octagon
img_6542.png,rectangle
img_6543.png,triangle
img_6544.png,rectangle
img_6545.png,ellipse
img_6546.png,triangle
img_6547.png,ellipse
img_6548.png,hexagon
img_6549.png,square
img_6550.png,triangle
img_6551.png,hexagon
img_6552.png,square
img_6553.png,rectangle
img_6554.png,hexagon
img_6555.png,square
img_6556.png,octagon
img_6557.png,ellipse
img_6558.png,triangle
img_6559.png,octagon
img_6560.png,octagon
img_6561.png,octagon
img_6562.png,circle
img_6563.png,hexagon
img_6564.png,circle
img_6565.png,ellipse
img_6566.png,rectangle
img_6567.png,hexagon
img_6568.png,octagon
img_6569.png,rectangle
img_6570.png,ellipse
img_6571.png,hexagon
img_6572.png,rectangle
img_6573.png,square
img_6574.png,octagon
img_6575.png,hexagon
img_6576.png,square
img_6577.png,ellipse
img_6578.png,circle
img_6579.png,octagon
img_6580.png,octagon
img_6581.png,rectangle
img_6582.png,circle
img_6583.png,square
img_6584.png,octagon
img_6585.png,square
img_6586.png,octagon
img_6587.png,square
img_6588.png,triangle
img_6589.png,ellipse
img_6590.png,circle
img_6591.png,square
img_6592.png,triangle
img_6593.png,triangle
img_6594.png,square
img_6595.png,rectangle
img_6596.png,hexagon
img_6597.png,octagon
img_6598.png,ellipse
img_6599.png,triangle
img_6600.png,rectangle
img_6601.png,ellipse
img_6602.png,ellipse
img_6603.png,hexagon
img_6604.png,square
img_6605.png,rectangle
img_6606.png,rectangle
img_6607.png,circle
img_6608.png,octagon
img_6609.png,square
img_6610.png,ellipse
img_6611.png,hexagon
img_6612.png,hexagon
img_6613.png,circle
img_6614.png,hexagon
img_6615.png,hexagon
img_6616.png,octagon
img_6617.png,triangle
img_6618.png,rectangle
img_6619.png,ellipse
img_6620.png,triangle
img_6621.png,circle
img_6622.png,hexagon
img_6623.png,ellipse
img_6624.png,hexagon
img_6625.png,hexagon
img_6626.png,rectangle
img_6627.png,octagon
img_6628.png,rectangle
img_6629.png,octagon
img_6630.png,square
img_6631.png,square
img_6632.png,circle
img_6633.png,square
img_6634.png,rectangle
img_6635.png,ellipse
img_6636.png,hexagon
img_6637.png,circle
img_6638.png,circle
img_6639.png,circle
img_6640.png,triangle
img_6641.png,ellipse
img_6642.png,circle
img_6643.png,octagon
img_6644.png,circle
img_6645.png,triangle
img_6646.png,hexagon
img_6647.png,octagon
img_6648.png,octagon
img_6649.png,octagon
img_6650.png,square
img_6651.png,octagon
img_6652.png,square
img_6653.png,octagon
img_6654.png,octagon
img_6655.png,hexagon
img_6656.png,triangle
img_6657.png,triangle
img_6658.png,square
img_6659.png,octagon
img_6660.png,circle
img_6661.png,ellipse
img_6662.png,rectangle
img_6663.png,rectangle
img_6664.png,octagon
img_6665.png,rectangle
img_6666.png,triangle
img_6667.png,ellipse
img_6668.png,rectangle
img_6669.png,triangle
img_6670.png,ellipse
img_6671.png,hexagon
img_6672.png,triangle
img_6673.png,triangle
img_6674.png,octagon
img_6675.png,circle
img_6676.png,circle
img_6677.png,circle
img_6678.png,hexagon
img_6679.png,hexagon
img_6680.png,circle
img_6681.png,square
img_6682.png,rectangle
img_6683.png,ellipse
img_6684.png,square
img_6685.png,hexagon
img_6686.png,rectangle
img_6687.png,ellipse
img_6688.png,triangle
img_6689.png,octagon
img_6690.png,ellipse
img_6691.png,circle
img_6692.png,ellipse
img_6693.png,ellipse
img_6694.png,ellipse
img_6695.png,rectangle
img_6696.png,octagon
img_6697.png,triangle
img_6698.png,ellipse
img_6699.png,circle
img_6700.png,rectangle
img_6701.png,ellipse
img_6702.png,ellipse
img_6703.png,hexagon
img_6704.png,octagon
img_6705.png,triangle
img_6706.png,circle
img_6707.png,hexagon
img_6708.png,hexagon
img_6709.png,rectangle
img_6710.png,hexagon
img_6711.png,ellipse
img_6712.png,square
img_6713.png,hexagon
img_6714.png,circle
img_6715.png,rectangle
img_6716.png,octagon
img_6717.png,ellipse
img_6718.png,square
img_6719.png,ellipse
img_6720.png,ellipse
img_6721.png,rectangle
img_6722.png,ellipse
img_6723.png,ellipse
img_6724.png,octagon
img_6725.png,circle
img_6726.png,square
img_6727.png,ellipse
img_6728.png,hexagon
img_6729.png,rectangle
img_6730.png,rectangle
img_6731.png,hexagon
img_6732.png,octagon
img_6733.png,rectangle
img_6734.png,ellipse
img_6735.png,rectangle
img_6736.png,triangle
img_6737.png,octagon
img_6738.png,triangle
img_6739.png,triangle
img_6740.png,square
img_6741.png,triangle
img_6742.png,ellipse
img_6743.png,triangle
img_6744.png,circle
img_6745.png,rectangle
img_6746.png,circle
img_6747.png,triangle
img_6748.png,rectangle
img_6749.png,rectangle
img_6750.png,hexagon
img_6751.png,hexagon
img_6752.png,square
img_6753.png,ellipse
img_6754.png,triangle
img_6755.png,octagon
img_6756.png,triangle
img_6757.png,rectangle
img_6758.png,octagon
img_6759.png,octagon
img_6760.png,rectangle
img_6761.png,triangle
img_6762.png,triangle
img_6763.png,circle
img_6764.png,square
img_6765.png,rectangle
img_6766.png,rectangle
img_6767.png,ellipse
img_6768.png,octagon
img_6769.png,hexagon
img_6770.png,circle
img_6771.png,circle
img_6772.png,hexagon
img_6773.png,rectangle
img_6774.png,rectangle
img_6775.png,circle
img_6776.png,octagon
img_6777.png,triangle
img_6778.png,rectangle
img_6779.png,octagon
img_6780.png,hexagon
img_6781.png,rectangle
img_6782.png,triangle
img_6783.png,octagon
img_6784.png,octagon
img_6785.png,octagon
img_6786.png,hexagon
img_6787.png,circle
img_6788.png,circle
img_6789.png,ellipse
img_6790.png,square
img_6791.png,circle
img_6792.png,ellipse
img_6793.png,triangle
img_6794.png,circle
img_6795.png,square
img_6796.png,ellipse
img_6797.png,hexagon
img_6798.png,triangle
img_6799.png,square
img_6800.png,rectangle
img_6801.png,hexagon
img_6802.png,octagon
img_6803.png,ellipse
img_6804.png,triangle
img_6805.png,triangle
img_6806.png,triangle
img_6807.png,triangle
img_6808.png,octagon
img_6809.png,circle
img_6810.png,triangle
img_6811.png,hexagon
img_6812.png,circle
img_6813.png,rectangle
img_6814.png,rectangle
img_6815.png,rectangle
img_6816.png,hexagon
img_6817.png,square
img_6818.png,hexagon
img_6819.png,triangle
img_6820.png,rectangle
img_6821.png,circle
img_6822.png,octagon
img_6823.png,octagon
img_6824.png,ellipse
img_6825.png,square
img_6826.png,rectangle
img_6827.png,hexagon
img_6828.png,square
img_6829.png,hexagon
img_6830.png,square
img_6831.png,square
img_6832.png,octagon
img_6833.png,ellipse
img_6834.png,octagon
img_6835.png,rectangle
img_6836.png,square
img_6837.png,octagon
img_6838.png,triangle
img_6839.png,square
img_6840.png,square
img_6841.png,ellipse
img_6842.png,triangle
img_6843.png,triangle
img_6844.png,octagon
img_6845.png,octagon
img_6846.png,square
img_6847.png,ellipse
img_6848.png,circle
img_6849.png,hexagon
img_6850.png,circle
img_6851.png,rectangle
img_6852.png,rectangle
img_6853.png,hexagon
img_6854.png,ellipse
img_6855.png,triangle
img_6856.png,rectangle
img_6857.png,triangle
img_6858.png,octagon
img_6859.png,octagon
img_6860.png,triangle
img_6861.png,rectangle
img_6862.png,square
img_6863.png,hexagon
img_6864.png,rectangle
img_6865.png,triangle
img_6866.png,triangle
img_6867.png,ellipse
img_6868.png,rectangle
img_6869.png,octagon
img_6870.png,rectangle
img_6871.png,octagon
img_6872.png,octagon
img_6873.png,circle
img_6874.png,hexagon
img_6875.png,square
img_6876.png,triangle
img_6877.png,circle
img_6878.png,octagon
img_6879.png,octagon
img_6880.png,circle
img_6881.png,triangle
img_6882.png,octagon
img_6883.png,triangle
img_6884.png,octagon
img_6885.png,octagon
img_6886.png,rectangle
img_6887.png,circle
img_6888.png,hexagon
img_6889.png,ellipse
img_6890.png,circle
img_6891.png,square
img_6892.png,hexagon
img_6893.png,hexagon
img_6894.png,rectangle
img_6895.png,octagon
img_6896.png,hexagon
img_6897.png,circle
img_6898.png,rectangle
img_6899.png,hexagon
img_6900.png,rectangle
img_6901.png,triangle
img_6902.png,square
img_6903.png,square
img_6904.png,octagon
img_6905.png,octagon
img_6906.png,ellipse
img_6907.png,hexagon
img_6908.png,ellipse
img_6909.png,circle
img_6910.png,ellipse
img_6911.png,rectangle
img_6912.png,hexagon
img_6913.png,circle
img_6914.png,circle
img_6915.png,circle
img_6916.png,circle
img_6917.png,hexagon
img_6918.png,triangle
img_6919.png,hexagon
img_6920.png,triangle
img_6921.png,circle
img_6922.png,triangle
img_6923.png,octagon
img_6924.png,octagon
img_6925.png,circle
img_6926.png,octagon
img_6927.png,square
img_6928.png,triangle
img_6929.png,triangle
img_6930.png,ellipse
img_6931.png,octagon
img_6932.png,square
img_6933.png,hexagon
img_6934.png,rectangle
img_6935.png,rectangle
img_6936.png,hexagon
img_6937.png,square
img_6938.png,square
img_6939.png,hexagon
img_6940.png,rectangle
img_6941.png,octagon
img_6942.png,octagon
img_6943.png,circle
img_6944.png,ellipse
img_6945.png,rectangle
img_6946.png,triangle
img_6947.png,hexagon
img_6948.png,octagon
img_6949.png,triangle
img_6950.png,octagon
img_6951.png,octagon
img_6952.png,rectangle
img_6953.png,circle
img_6954.png,square
img_6955.png,octagon
img_6956.png,circle
img_6957.png,ellipse
img_6958.png,triangle
img_6959.png,circle
img_6960.png,octagon
img_6961.png,hexagon
img_6962.png,circle
img_6963.png,octagon
img_6964.png,octagon
img_6965.png,octagon
img_6966.png,rectangle
img_6967.png,hexagon
img_6968.png,rectangle
img_6969.png,square
img_6970.png,triangle
img_6971.png,square
img_6972.png,octagon
img_6973.png,square
img_6974.png,triangle
img_6975.png,hexagon
img_6976.png,ellipse
img_6977.png,octagon
img_6978.png,hexagon
img_6979.png,triangle
img_6980.png,octagon
img_6981.png,circle
img_6982.png,square
img_6983.png,octagon
img_6984.png,octagon
img_6985.png,ellipse
img_6986.png,octagon
img_6987.png,rectangle
img_6988.png,octagon
img_6989.png,triangle
img_6990.png,triangle
img_6991.png,ellipse
img_6992.png,triangle
img_6993.png,circle
img_6994.png,circle
img_6995.png,hexagon
img_6996.png,octagon
img_6997.png,rectangle
img_6998.png,octagon
img_6999.png,hexagon
img_7000.png,rectangle
img_7001.png,circle
img_7002.png,triangle
img_7003.png,circle
img_7004.png,rectangle
img_7005.png,ellipse
img_7006.png,hexagon
img_7007.png,ellipse
img_7008.png,ellipse
img_7009.png,circle
img_7010.png,triangle
img_7011.png,circle
img_7012.png,hexagon
img_7013.png,triangle
img_7014.png,hexagon
img_7015.png,triangle
img_7016.png,ellipse
img_7017.png,square
img_7018.png,rectangle
img_7019.png,rectangle
img_7020.png,square
img_7021.png,circle
img_7022.png,ellipse
img_7023.png,hexagon
img_7024.png,octagon
img_7025.png,circle
img_7026.png,rectangle
img_7027.png,square
img_7028.png,rectangle
img_7029.png,octagon
img_7030.png,circle
img_7031.png,octagon
img_7032.png,square
img_7033.png,ellipse
img_7034.png,ellipse
img_7035.png,hexagon
img_7036.png,hexagon
img_7037.png,ellipse
img_7038.png,square
img_7039.png,hexagon
img_7040.png,square
img_7041.png,rectangle
img_7042.png,hexagon
img_7043.png,rectangle
img_7044.png,ellipse
img_7045.png,ellipse
img_7046.png,octagon
img_7047.png,triangle
img_7048.png,triangle
img_7049.png,rectangle
img_7050.png,octagon
img_7051.png,octagon
img_7052.png,square
img_7053.png,hexagon
img_7054.png,triangle
img_7055.png,hexagon
img_7056.png,rectangle
img_7057.png,square
img_7058.png,ellipse
img_7059.png,octagon
img_7060.png,rectangle
img_7061.png,hexagon
img_7062.png,square
img_7063.png,hexagon
img_7064.png,octagon
img_7065.png,ellipse
img_7066.png,ellipse
img_7067.png,rectangle
img_7068.png,ellipse
img_7069.png,ellipse
img_7070.png,octagon
img_7071.png,hexagon
img_7072.png,ellipse
img_7073.png,circle
img_7074.png,hexagon
img_7075.png,circle
img_7076.png,ellipse
img_7077.png,hexagon
img_7078.png,hexagon
img_7079.png,circle
img_7080.png,rectangle
img_7081.png,circle
img_7082.png,octagon
img_7083.png,ellipse
img_7084.png,triangle
img_7085.png,circle
img_7086.png,ellipse
img_7087.png,rectangle
img_7088.png,octagon
img_7089.png,ellipse
img_7090.png,octagon
img_7091.png,triangle
img_7092.png,square
img_7093.png,rectangle
img_7094.png,square
img_7095.png,circle
img_7096.png,square
img_7097.png,triangle
img_7098.png,triangle
img_7099.png,rectangle
img_7100.png,ellipse
img_7101.png,rectangle
img_7102.png,octagon
img_7103.png,octagon
img_7104.png,square
img_7105.png,circle
img_7106.png,square
img_7107.png,triangle
img_7108.png,ellipse
img_7109.png,square
img_7110.png,triangle
img_7111.png,octagon
img_7112.png,circle
img_7113.png,circle
img_7114.png,square
img_7115.png,triangle
img_7116.png,hexagon
img_7117.png,triangle
img_7118.png,hexagon
img_7119.png,octagon
img_7120.png,hexagon
img_7121.png,rectangle
img_7122.png,octagon
img_7123.png,rectangle
img_7124.png,octagon
img_7125.png,triangle
img_7126.png,hexagon
img_7127.png,hexagon
img_7128.png,octagon
img_7129.png,square
img_7130.png,circle
img_7131.png,hexagon
img_7132.png,ellipse
img_7133.png,circle
img_7134.png,octagon
img_7135.png,square
img_7136.png,circle
img_7137.png,octagon
img_7138.png,octagon
img_7139.png,circle
img_7140.png,square
img_7141.png,triangle
img_7142.png,octagon
img_7143.png,square
img_7144.png,octagon
img_7145.png,hexagon
img_7146.png,circle
img_7147.png,hexagon
img_7148.png,square
img_7149.png,square
img_7150.png,triangle
img_7151.png,circle
img_7152.png,circle
img_7153.png,square
img_7154.png,triangle
img_7155.png,square
img_7156.png,octagon
img_7157.png,hexagon
img_7158.png,hexagon
img_7159.png,hexagon
img_7160.png,triangle
img_7161.png,octagon
img_7162.png,triangle
img_7163.png,ellipse
img_7164.png,square
img_7165.png,ellipse
img_7166.png,octagon
img_7167.png,hexagon
img_7168.png,square
img_7169.png,circle
img_7170.png,ellipse
img_7171.png,hexagon
img_7172.png,octagon
img_7173.png,rectangle
img_7174.png,octagon
img_7175.png,ellipse
img_7176.png,square
img_7177.png,hexagon
img_7178.png,hexagon
img_7179.png,ellipse
img_7180.png,circle
img_7181.png,triangle
img_7182.png,octagon
img_7183.png,triangle
img_7184.png,hexagon
img_7185.png,hexagon
img_7186.png,ellipse
img_7187.png,rectangle
img_7188.png,circle
img_7189.png,circle
img_7190.png,square
img_7191.png,rectangle
img_7192.png,hexagon
img_7193.png,circle
img_7194.png,triangle
img_7195.png,ellipse
img_7196.png,octagon
img_7197.png,ellipse
img_7198.png,ellipse
img_7199.png,circle
img_7200.png,rectangle
img_7201.png,circle
img_7202.png,hexagon
img_7203.png,circle
img_7204.png,triangle
img_7205.png,triangle
img_7206.png,triangle
img_7207.png,ellipse
img_7208.png,square
img_7209.png,circle
img_7210.png,ellipse
img_7211.png,hexagon
img_7212.png,square
img_7213.png,hexagon
img_7214.png,rectangle
img_7215.png,ellipse
img_7216.png,square
img_7217.png,octagon
img_7218.png,ellipse
img_7219.png,hexagon
img_7220.png,ellipse
img_7221.png,hexagon
img_7222.png,rectangle
img_7223.png,rectangle
img_7224.png,square
img_7225.png,triangle
img_7226.png,rectangle
img_7227.png,hexagon
img_7228.png,octagon
img_7229.png,rectangle
img_7230.png,rectangle
img_7231.png,ellipse
img_7232.png,circle
img_7233.png,triangle
img_7234.png,rectangle
img_7235.png,ellipse
img_7236.png,circle
img_7237.png,ellipse
img_7238.png,triangle
img_7239.png,triangle
img_7240.png,ellipse
img_7241.png,triangle
img_7242.png,triangle
img_7243.png,octagon
img_7244.png,square
img_7245.png,rectangle
img_7246.png,square
img_7247.png,ellipse
img_7248.png,octagon
img_7249.png,circle
img_7250.png,triangle
img_7251.png,circle
img_7252.png,hexagon
img_7253.png,ellipse
img_7254.png,circle
img_7255.png,octagon
img_7256.png,circle
img_7257.png,square
img_7258.png,circle
img_7259.png,ellipse
img_7260.png,hexagon
img_7261.png,triangle
img_7262.png,square
img_7263.png,rectangle
img_7264.png,circle
img_7265.png,hexagon
img_7266.png,octagon
img_7267.png,rectangle
img_7268.png,rectangle
img_7269.png,octagon
img_7270.png,hexagon
img_7271.png,triangle
img_7272.png,triangle
img_7273.png,hexagon
img_7274.png,hexagon
img_7275.png,ellipse
img_7276.png,triangle
img_7277.png,hexagon
img_7278.png,rectangle
img_7279.png,square
img_7280.png,triangle
img_7281.png,ellipse
img_7282.png,circle
img_7283.png,hexagon
img_7284.png,circle
img_7285.png,octagon
img_7286.png,rectangle
img_7287.png,rectangle
img_7288.png,triangle
img_7289.png,triangle
img_7290.png,square
img_7291.png,hexagon
img_7292.png,ellipse
img_7293.png,triangle
img_7294.png,triangle
img_7295.png,octagon
img_7296.png,circle
img_7297.png,octagon
img_7298.png,circle
img_7299.png,ellipse
img_7300.png,octagon
img_7301.png,octagon
img_7302.png,square
img_7303.png,square
img_7304.png,ellipse
img_7305.png,circle
img_7306.png,hexagon
img_7307.png,hexagon
img_7308.png,ellipse
img_7309.png,ellipse
img_7310.png,octagon
img_7311.png,rectangle
img_7312.png,triangle
img_7313.png,square
img_7314.png,triangle
img_7315.png,square
img_7316.png,circle
img_7317.png,triangle
img_7318.png,hexagon
img_7319.png,circle
img_7320.png,triangle
img_7321.png,hexagon
img_7322.png,square
img_7323.png,hexagon
img_7324.png,ellipse
img_7325.png,circle
img_7326.png,ellipse
img_7327.png,triangle
img_7328.png,ellipse
img_7329.png,hexagon
img_7330.png,octagon
img_7331.png,triangle
img_7332.png,triangle
img_7333.png,triangle
img_7334.png,circle
img_7335.png,rectangle
img_7336.png,square
img_7337.png,square
img_7338.png,hexagon
img_7339.png,rectangle
img_7340.png,circle
img_7341.png,triangle
img_7342.png,octagon
img_7343.png,hexagon
img_7344.png,ellipse
img_7345.png,octagon
img_7346.png,triangle
img_7347.png,triangle
img_7348.png,triangle
img_7349.png,circle
img_7350.png,square
img_7351.png,rectangle
img_7352.png,hexagon
img_7353.png,rectangle
img_7354.png,circle
img_7355.png,octagon
img_7356.png,triangle
img_7357.png,rectangle
img_7358.png,ellipse
img_7359.png,octagon
img_7360.png,octagon
img_7361.png,octagon
img_7362.png,rectangle
img_7363.png,ellipse
img_7364.png,ellipse
img_7365.png,circle
img_7366.png,hexagon
img_7367.png,ellipse
img_7368.png,octagon
img_7369.png,square
img_7370.png,ellipse
img_7371.png,triangle
img_7372.png,ellipse
img_7373.png,rectangle
img_7374.png,ellipse
img_7375.png,ellipse
img_7376.png,octagon
img_7377.png,hexagon
img_7378.png,octagon
img_7379.png,square
img_7380.png,square
img_7381.png,triangle
img_7382.png,rectangle
img_7383.png,circle
img_7384.png,octagon
img_7385.png,square
img_7386.png,ellipse
img_7387.png,square
img_7388.png,triangle
img_7389.png,ellipse
img_7390.png,square
img_7391.png,square
img_7392.png,triangle
img_7393.png,ellipse
img_7394.png,square
img_7395.png,square
img_7396.png,rectangle
img_7397.png,hexagon
img_7398.png,hexagon
img_7399.png,ellipse
img_7400.png,rectangle
img_7401.png,octagon
img_7402.png,rectangle
img_7403.png,triangle
img_7404.png,triangle
img_7405.png,rectangle
img_7406.png,hexagon
img_7407.png,triangle
img_7408.png,octagon
img_7409.png,ellipse
img_7410.png,rectangle
img_7411.png,rectangle
img_7412.png,square
img_7413.png,circle
img_7414.png,rectangle
img_7415.png,rectangle
img_7416.png,rectangle
img_7417.png,triangle
img_7418.png,rectangle
img_7419.png,hexagon
img_7420.png,square
img_7421.png,hexagon
img_7422.png,hexagon
img_7423.png,hexagon
img_7424.png,square
img_7425.png,rectangle
img_7426.png,circle
img_7427.png,triangle
img_7428.png,hexagon
img_7429.png,octagon
img_7430.png,hexagon
img_7431.png,ellipse
img_7432.png,square
img_7433.png,circle
img_7434.png,square
img_7435.png,hexagon
img_7436.png,ellipse
img_7437.png,rectangle
img_7438.png,octagon
img_7439.png,ellipse
img_7440.png,circle
img_7441.png,ellipse
img_7442.png,ellipse
img_7443.png,hexagon
img_7444.png,circle
img_7445.png,square
img_7446.png,rectangle
img_7447.png,rectangle
img_7448.png,hexagon
img_7449.png,ellipse
img_7450.png,hexagon
img_7451.png,hexagon
img_7452.png,square
img_7453.png,rectangle
img_7454.png,triangle
img_7455.png,rectangle
img_7456.png,octagon
img_7457.png,octagon
img_7458.png,octagon
img_7459.png,triangle
img_7460.png,circle
img_7461.png,hexagon
img_7462.png,rectangle
img_7463.png,triangle
img_7464.png,triangle
img_7465.png,square
img_7466.png,square
img_7467.png,hexagon
img_7468.png,square
img_7469.png,ellipse
img_7470.png,rectangle
img_7471.png,square
img_7472.png,triangle
img_7473.png,ellipse
img_7474.png,ellipse
img_7475.png,hexagon
img_7476.png,hexagon
img_7477.png,triangle
img_7478.png,octagon
img_7479.png,ellipse
img_7480.png,ellipse
img_7481.png,square
img_7482.png,octagon
img_7483.png,rectangle
img_7484.png,triangle
img_7485.png,circle
img_7486.png,circle
img_7487.png,octagon
img_7488.png,square
img_7489.png,ellipse
img_7490.png,octagon
img_7491.png,triangle
img_7492.png,square
img_7493.png,hexagon
img_7494.png,hexagon
img_7495.png,hexagon
img_7496.png,rectangle
img_7497.png,octagon
img_7498.png,rectangle
img_7499.png,octagon
img_7500.png,octagon
img_7501.png,rectangle
img_7502.png,circle
img_7503.png,square
img_7504.png,triangle
img_7505.png,hexagon
img_7506.png,octagon
img_7507.png,circle
img_7508.png,rectangle
img_7509.png,ellipse
img_7510.png,rectangle
img_7511.png,square
img_7512.png,octagon
img_7513.png,octagon
img_7514.png,ellipse
img_7515.png,octagon
img_7516.png,circle
img_7517.png,rectangle
img_7518.png,ellipse
img_7519.png,square
img_7520.png,square
img_7521.png,square
img_7522.png,triangle
img_7523.png,square
img_7524.png,hexagon
img_7525.png,ellipse
img_7526.png,circle
img_7527.png,octagon
img_7528.png,triangle
img_7529.png,hexagon
img_7530.png,hexagon
img_7531.png,rectangle
img_7532.png,ellipse
img_7533.png,square
img_7534.png,square
img_7535.png,circle
img_7536.png,triangle
img_7537.png,circle
img_7538.png,hexagon
img_7539.png,triangle
img_7540.png,triangle
img_7541.png,circle
img_7542.png,square
img_7543.png,ellipse
img_7544.png,octagon
img_7545.png,square
img_7546.png,octagon
img_7547.png,hexagon
img_7548.png,circle
img_7549.png,triangle
img_7550.png,triangle
img_7551.png,circle
img_7552.png,square
img_7553.png,hexagon
img_7554.png,square
img_7555.png,square
img_7556.png,circle
img_7557.png,circle
img_7558.png,ellipse
img_7559.png,octagon
img_7560.png,rectangle
img_7561.png,square
img_7562.png,ellipse
img_7563.png,octagon
img_7564.png,ellipse
img_7565.png,ellipse
img_7566.png,circle
img_7567.png,rectangle
img_7568.png,triangle
img_7569.png,rectangle
img_7570.png,octagon
img_7571.png,square
img_7572.png,triangle
img_7573.png,circle
img_7574.png,hexagon
img_7575.png,octagon
img_7576.png,hexagon
img_7577.png,octagon
img_7578.png,octagon
img_7579.png,hexagon
img_7580.png,hexagon
img_7581.png,rectangle
img_7582.png,circle
img_7583.png,square
img_7584.png,rectangle
img_7585.png,triangle
img_7586.png,rectangle
img_7587.png,triangle
img_7588.png,circle
img_7589.png,octagon
img_7590.png,hexagon
img_7591.png,square
img_7592.png,square
img_7593.png,square
img_7594.png,hexagon
img_7595.png,ellipse
img_7596.png,octagon
img_7597.png,square
img_7598.png,rectangle
img_7599.png,hexagon
img_7600.png,triangle
img_7601.png,circle
img_7602.png,rectangle
img_7603.png,square
img_7604.png,triangle
img_7605.png,circle
img_7606.png,triangle
img_7607.png,circle
img_7608.png,circle
img_7609.png,hexagon
img_7610.png,square
img_7611.png,square
img_7612.png,circle
img_7613.png,rectangle
img_7614.png,octagon
img_7615.png,rectangle
img_7616.png,rectangle
img_7617.png,square
img_7618.png,octagon
img_7619.png,hexagon
img_7620.png,rectangle
img_7621.png,rectangle
img_7622.png,square
img_7623.png,triangle
img_7624.png,octagon
img_7625.png,square
img_7626.png,rectangle
img_7627.png,ellipse
img_7628.png,rectangle
img_7629.png,hexagon
img_7630.png,triangle
img_7631.png,octagon
img_7632.png,hexagon
img_7633.png,hexagon
img_7634.png,octagon
img_7635.png,rectangle
img_7636.png,triangle
img_7637.png,ellipse
img_7638.png,ellipse
img_7639.png,ellipse
img_7640.png,triangle
img_7641.png,circle
img_7642.png,rectangle
img_7643.png,circle
img_7644.png,circle
img_7645.png,octagon
img_7646.png,rectangle
img_7647.png,rectangle
img_7648.png,rectangle
img_7649.png,circle
img_7650.png,circle
img_7651.png,ellipse
img_7652.png,ellipse
img_7653.png,hexagon
img_7654.png,triangle
img_7655.png,circle
img_7656.png,triangle
img_7657.png,square
img_7658.png,ellipse
img_7659.png,rectangle
img_7660.png,circle
img_7661.png,triangle
img_7662.png,rectangle
img_7663.png,triangle
img_7664.png,octagon
img_7665.png,square
img_7666.png,hexagon
img_7667.png,hexagon
img_7668.png,square
img_7669.png,ellipse
img_7670.png,rectangle
img_7671.png,octagon
img_7672.png,triangle
img_7673.png,circle
img_7674.png,square
img_7675.png,square
img_7676.png,circle
img_7677.png,rectangle
img_7678.png,ellipse
img_7679.png,triangle
img_7680.png,octagon
img_7681.png,triangle
img_7682.png,hexagon
img_7683.png,triangle
img_7684.png,octagon
img_7685.png,circle
img_7686.png,ellipse
img_7687.png,ellipse
img_7688.png,octagon
img_7689.png,ellipse
img_7690.png,hexagon
img_7691.png,octagon
img_7692.png,square
img_7693.png,octagon
img_7694.png,circle
img_7695.png,octagon
img_7696.png,square
img_7697.png,octagon
img_7698.png,octagon
img_7699.png,ellipse
img_7700.png,square
img_7701.png,rectangle
img_7702.png,triangle
img_7703.png,square
img_7704.png,hexagon
img_7705.png,square
img_7706.png,rectangle
img_7707.png,octagon
img_7708.png,ellipse
img_7709.png,square
img_7710.png,triangle
img_7711.png,hexagon
img_7712.png,circle
img_7713.png,octagon
img_7714.png,hexagon
img_7715.png,circle
img_7716.png,triangle
img_7717.png,octagon
img_7718.png,triangle
img_7719.png,hexagon
img_7720.png,rectangle
img_7721.png,square
img_7722.png,square
img_7723.png,rectangle
img_7724.png,circle
img_7725.png,circle
img_7726.png,hexagon
img_7727.png,rectangle
img_7728.png,octagon
img_7729.png,ellipse
img_7730.png,triangle
img_7731.png,triangle
img_7732.png,rectangle
img_7733.png,octagon
img_7734.png,octagon
img_7735.png,circle
img_7736.png,hexagon
img_7737.png,rectangle
img_7738.png,hexagon
img_7739.png,triangle
img_7740.png,hexagon
img_7741.png,ellipse
img_7742.png,rectangle
img_7743.png,octagon
img_7744.png,triangle
img_7745.png,hexagon
img_7746.png,circle
img_7747.png,square
img_7748.png,rectangle
img_7749.png,triangle
img_7750.png,square
img_7751.png,square
img_7752.png,square
img_7753.png,hexagon
img_7754.png,rectangle
img_7755.png,rectangle
img_7756.png,rectangle
img_7757.png,square
img_7758.png,circle
img_7759.png,circle
img_7760.png,rectangle
img_7761.png,square
img_7762.png,rectangle
img_7763.png,square
img_7764.png,octagon
img_7765.png,circle
img_7766.png,octagon
img_7767.png,octagon
img_7768.png,octagon
img_7769.png,octagon
img_7770.png,octagon
img_7771.png,circle
img_7772.png,square
img_7773.png,circle
img_7774.png,circle
img_7775.png,ellipse
img_7776.png,rectangle
img_7777.png,hexagon
img_7778.png,hexagon
img_7779.png,rectangle
img_7780.png,ellipse
img_7781.png,ellipse
img_7782.png,rectangle
img_7783.png,rectangle
img_7784.png,triangle
img_7785.png,hexagon
img_7786.png,square
img_7787.png,rectangle
img_7788.png,circle
img_7789.png,ellipse
img_7790.png,octagon
img_7791.png,rectangle
img_7792.png,rectangle
img_7793.png,triangle
img_7794.png,ellipse
img_7795.png,triangle
img_7796.png,triangle
img_7797.png,octagon
img_7798.png,ellipse
img_7799.png,triangle
img_7800.png,circle
img_7801.png,rectangle
img_7802.png,rectangle
img_7803.png,octagon
img_7804.png,rectangle
img_7805.png,circle
img_7806.png,triangle
img_7807.png,circle
img_7808.png,octagon
img_7809.png,triangle
img_7810.png,octagon
img_7811.png,octagon
img_7812.png,circle
img_7813.png,rectangle
img_7814.png,triangle
img_7815.png,octagon
img_7816.png,octagon
img_7817.png,hexagon
img_7818.png,rectangle
img_7819.png,rectangle
img_7820.png,hexagon
img_7821.png,hexagon
img_7822.png,circle
img_7823.png,hexagon
img_7824.png,square
img_7825.png,triangle
img_7826.png,hexagon
img_7827.png,ellipse
img_7828.png,hexagon
img_7829.png,ellipse
img_7830.png,octagon
img_7831.png,hexagon
img_7832.png,hexagon
img_7833.png,ellipse
img_7834.png,ellipse
img_7835.png,square
img_7836.png,triangle
img_7837.png,triangle
img_7838.png,hexagon
img_7839.png,square
img_7840.png,ellipse
img_7841.png,octagon
img_7842.png,octagon
img_7843.png,triangle
img_7844.png,square
img_7845.png,octagon
img_7846.png,octagon
img_7847.png,square
img_7848.png,circle
img_7849.png,square
img_7850.png,triangle
img_7851.png,hexagon
img_7852.png,octagon
img_7853.png,ellipse
img_7854.png,octagon
img_7855.png,ellipse
img_7856.png,rectangle
img_7857.png,circle
img_7858.png,square
img_7859.png,rectangle
img_7860.png,triangle
img_7861.png,octagon
img_7862.png,hexagon
img_7863.png,triangle
img_7864.png,hexagon
img_7865.png,square
img_7866.png,rectangle
img_7867.png,rectangle
img_7868.png,rectangle
img_7869.png,circle
img_7870.png,octagon
img_7871.png,ellipse
img_7872.png,octagon
img_7873.png,circle
img_7874.png,hexagon
img_7875.png,octagon
img_7876.png,octagon
img_7877.png,square
img_7878.png,octagon
img_7879.png,square
img_7880.png,ellipse
img_7881.png,rectangle
img_7882.png,ellipse
img_7883.png,ellipse
img_7884.png,circle
img_7885.png,octagon
img_7886.png,ellipse
img_7887.png,octagon
img_7888.png,ellipse
img_7889.png,octagon
img_7890.png,square
img_7891.png,triangle
img_7892.png,circle
img_7893.png,hexagon
img_7894.png,ellipse
img_7895.png,hexagon
img_7896.png,octagon
img_7897.png,ellipse
img_7898.png,triangle
img_7899.png,circle
img_7900.png,rectangle
img_7901.png,rectangle
img_7902.png,rectangle
img_7903.png,circle
img_7904.png,octagon
img_7905.png,hexagon
img_7906.png,rectangle
img_7907.png,square
img_7908.png,triangle
img_7909.png,ellipse
img_7910.png,rectangle
img_7911.png,circle
img_7912.png,square
img_7913.png,octagon
img_7914.png,circle
img_7915.png,octagon
img_7916.png,rectangle
img_7917.png,square
img_7918.png,octagon
img_7919.png,octagon
img_7920.png,square
img_7921.png,hexagon
img_7922.png,triangle
img_7923.png,triangle
img_7924.png,rectangle
img_7925.png,octagon
img_7926.png,triangle
img_7927.png,circle
img_7928.png,circle
img_7929.png,circle
img_7930.png,triangle
img_7931.png,circle
img_7932.png,ellipse
img_7933.png,circle
img_7934.png,hexagon
img_7935.png,square
img_7936.png,octagon
img_7937.png,square
img_7938.png,square
img_7939.png,triangle
img_7940.png,octagon
img_7941.png,circle
img_7942.png,circle
img_7943.png,square
img_7944.png,ellipse
img_7945.png,hexagon
img_7946.png,rectangle
img_7947.png,octagon
img_7948.png,square
img_7949.png,square
img_7950.png,circle
img_7951.png,rectangle
img_7952.png,circle
img_7953.png,square
img_7954.png,ellipse
img_7955.png,octagon
img_7956.png,octagon
img_7957.png,triangle
img_7958.png,octagon
img_7959.png,circle
img_7960.png,square
img_7961.png,triangle
img_7962.png,circle
img_7963.png,square
img_7964.png,octagon
img_7965.png,ellipse
img_7966.png,rectangle
img_7967.png,triangle
img_7968.png,square
img_7969.png,octagon
img_7970.png,circle
img_7971.png,ellipse
img_7972.png,triangle
img_7973.png,rectangle
img_7974.png,triangle
img_7975.png,square
img_7976.png,ellipse
img_7977.png,triangle
img_7978.png,hexagon
img_7979.png,circle
img_7980.png,hexagon
img_7981.png,rectangle
img_7982.png,ellipse
img_7983.png,hexagon
img_7984.png,rectangle
img_7985.png,triangle
img_7986.png,octagon
img_7987.png,hexagon
img_7988.png,ellipse
img_7989.png,rectangle
img_7990.png,rectangle
img_7991.png,ellipse
img_7992.png,triangle
img_7993.png,octagon
img_7994.png,rectangle
img_7995.png,octagon
img_7996.png,square
img_7997.png,hexagon
img_7998.png,square
img_7999.png,hexagon
img_8000.png,ellipse
img_8001.png,triangle
img_8002.png,triangle
img_8003.png,triangle
img_8004.png,circle
img_8005.png,hexagon
img_8006.png,circle
img_8007.png,circle
img_8008.png,octagon
img_8009.png,square
img_8010.png,octagon
img_8011.png,square
img_8012.png,square
img_8013.png,triangle
img_8014.png,rectangle
img_8015.png,circle
img_8016.png,square
img_8017.png,ellipse
img_8018.png,hexagon
img_8019.png,square
img_8020.png,octagon
img_8021.png,square
img_8022.png,hexagon
img_8023.png,square
img_8024.png,hexagon
img_8025.png,square
img_8026.png,circle
img_8027.png,triangle
img_8028.png,rectangle
img_8029.png,circle
img_8030.png,hexagon
img_8031.png,octagon
img_8032.png,ellipse
img_8033.png,octagon
img_8034.png,octagon
img_8035.png,square
img_8036.png,octagon
img_8037.png,hexagon
img_8038.png,circle
img_8039.png,ellipse
img_8040.png,ellipse
img_8041.png,square
img_8042.png,square
img_8043.png,circle
img_8044.png,octagon
img_8045.png,circle
img_8046.png,square
img_8047.png,ellipse
img_8048.png,circle
img_8049.png,triangle
img_8050.png,rectangle
img_8051.png,circle
img_8052.png,hexagon
img_8053.png,circle
img_8054.png,circle
img_8055.png,triangle
img_8056.png,triangle
img_8057.png,triangle
img_8058.png,rectangle
img_8059.png,ellipse
img_8060.png,circle
img_8061.png,rectangle
img_8062.png,circle
img_8063.png,triangle
img_8064.png,rectangle
img_8065.png,hexagon
img_8066.png,octagon
img_8067.png,octagon
img_8068.png,triangle
img_8069.png,circle
img_8070.png,ellipse
img_8071.png,triangle
img_8072.png,hexagon
img_8073.png,rectangle
img_8074.png,triangle
img_8075.png,rectangle
img_8076.png,octagon
img_8077.png,ellipse
img_8078.png,hexagon
img_8079.png,hexagon
img_8080.png,ellipse
img_8081.png,triangle
img_8082.png,triangle
img_8083.png,square
img_8084.png,circle
img_8085.png,ellipse
img_8086.png,hexagon
img_8087.png,triangle
img_8088.png,square
img_8089.png,circle
img_8090.png,rectangle
img_8091.png,octagon
img_8092.png,ellipse
img_8093.png,circle
img_8094.png,hexagon
img_8095.png,octagon
img_8096.png,triangle
img_8097.png,octagon
img_8098.png,ellipse
img_8099.png,rectangle
img_8100.png,ellipse
img_8101.png,circle
img_8102.png,square
img_8103.png,hexagon
img_8104.png,octagon
img_8105.png,hexagon
img_8106.png,rectangle
img_8107.png,rectangle
img_8108.png,square
img_8109.png,circle
img_8110.png,triangle
img_8111.png,octagon
img_8112.png,ellipse
img_8113.png,octagon
img_8114.png,octagon
img_8115.png,square
img_8116.png,square
img_8117.png,triangle
img_8118.png,hexagon
img_8119.png,hexagon
img_8120.png,ellipse
img_8121.png,hexagon
img_8122.png,octagon
img_8123.png,ellipse
img_8124.png,square
img_8125.png,square
img_8126.png,triangle
img_8127.png,square
img_8128.png,octagon
img_8129.png,ellipse
img_8130.png,rectangle
img_8131.png,circle
img_8132.png,triangle
img_8133.png,rectangle
img_8134.png,ellipse
img_8135.png,triangle
img_8136.png,triangle
img_8137.png,ellipse
img_8138.png,hexagon
img_8139.png,square
img_8140.png,ellipse
img_8141.png,rectangle
img_8142.png,square
img_8143.png,square
img_8144.png,ellipse
img_8145.png,rectangle
img_8146.png,ellipse
img_8147.png,ellipse
img_8148.png,circle
img_8149.png,square
img_8150.png,hexagon
img_8151.png,square
img_8152.png,hexagon
img_8153.png,square
img_8154.png,circle
img_8155.png,ellipse
img_8156.png,hexagon
img_8157.png,rectangle
img_8158.png,hexagon
img_8159.png,rectangle
img_8160.png,ellipse
img_8161.png,ellipse
img_8162.png,triangle
img_8163.png,triangle
img_8164.png,ellipse
img_8165.png,rectangle
img_8166.png,circle
img_8167.png,rectangle
img_8168.png,square
img_8169.png,circle
img_8170.png,circle
img_8171.png,rectangle
img_8172.png,octagon
img_8173.png,hexagon
img_8174.png,triangle
img_8175.png,octagon
img_8176.png,square
img_8177.png,hexagon
img_8178.png,triangle
img_8179.png,square
img_8180.png,square
img_8181.png,rectangle
img_8182.png,hexagon
img_8183.png,octagon
img_8184.png,octagon
img_8185.png,ellipse
img_8186.png,hexagon
img_8187.png,hexagon
img_8188.png,ellipse
img_8189.png,hexagon
img_8190.png,circle
img_8191.png,ellipse
img_8192.png,square
img_8193.png,hexagon
img_8194.png,square
img_8195.png,triangle
img_8196.png,circle
img_8197.png,ellipse
img_8198.png,rectangle
img_8199.png,triangle
img_8200.png,ellipse
img_8201.png,circle
img_8202.png,square
img_8203.png,triangle
img_8204.png,ellipse
img_8205.png,triangle
img_8206.png,hexagon
img_8207.png,square
img_8208.png,circle
img_8209.png,octagon
img_8210.png,hexagon
img_8211.png,triangle
img_8212.png,circle
img_8213.png,square
img_8214.png,rectangle
img_8215.png,ellipse
img_8216.png,square
img_8217.png,circle
img_8218.png,circle
img_8219.png,circle
img_8220.png,hexagon
img_8221.png,hexagon
img_8222.png,hexagon
img_8223.png,triangle
img_8224.png,octagon
img_8225.png,octagon
img_8226.png,rectangle
img_8227.png,triangle
img_8228.png,ellipse
img_8229.png,hexagon
img_8230.png,hexagon
img_8231.png,ellipse
img_8232.png,hexagon
img_8233.png,hexagon
img_8234.png,ellipse
img_8235.png,ellipse
img_8236.png,hexagon
img_8237.png,triangle
img_8238.png,circle
img_8239.png,triangle
img_8240.png,rectangle
img_8241.png,rectangle
img_8242.png,ellipse
img_8243.png,ellipse
img_8244.png,triangle
img_8245.png,octagon
img_8246.png,circle
img_8247.png,rectangle
img_8248.png,circle
img_8249.png,rectangle
img_8250.png,octagon
img_8251.png,triangle
img_8252.png,hexagon
img_8253.png,hexagon
img_8254.png,octagon
img_8255.png,circle
img_8256.png,octagon
img_8257.png,ellipse
img_8258.png,octagon
img_8259.png,circle
img_8260.png,circle
img_8261.png,octagon
img_8262.png,hexagon
img_8263.png,triangle
img_8264.png,triangle
img_8265.png,circle
img_8266.png,circle
img_8267.png,circle
img_8268.png,square
img_8269.png,ellipse
img_8270.png,hexagon
img_8271.png,ellipse
img_8272.png,octagon
img_8273.png,rectangle
img_8274.png,circle
img_8275.png,triangle
img_8276.png,hexagon
img_8277.png,triangle
img_8278.png,triangle
img_8279.png,octagon
img_8280.png,rectangle
img_8281.png,rectangle
img_8282.png,circle
img_8283.png,hexagon
img_8284.png,ellipse
img_8285.png,hexagon
img_8286.png,triangle
img_8287.png,triangle
img_8288.png,triangle
img_8289.png,octagon
img_8290.png,octagon
img_8291.png,square
img_8292.png,triangle
img_8293.png,ellipse
img_8294.png,hexagon
img_8295.png,square
img_8296.png,triangle
img_8297.png,circle
img_8298.png,rectangle
img_8299.png,ellipse
img_8300.png,rectangle
img_8301.png,square
img_8302.png,square
img_8303.png,square
img_8304.png,square
img_8305.png,triangle
img_8306.png,square
img_8307.png,rectangle
img_8308.png,triangle
img_8309.png,hexagon
img_8310.png,rectangle
img_8311.png,ellipse
img_8312.png,triangle
img_8313.png,circle
img_8314.png,square
img_8315.png,circle
img_8316.png,octagon
img_8317.png,octagon
img_8318.png,hexagon
img_8319.png,ellipse
img_8320.png,rectangle
img_8321.png,octagon
img_8322.png,hexagon
img_8323.png,triangle
img_8324.png,ellipse
img_8325.png,hexagon
img_8326.png,triangle
img_8327.png,triangle
img_8328.png,hexagon
img_8329.png,rectangle
img_8330.png,octagon
img_8331.png,octagon
img_8332.png,triangle
img_8333.png,hexagon
img_8334.png,hexagon
img_8335.png,ellipse
img_8336.png,ellipse
img_8337.png,ellipse
img_8338.png,octagon
img_8339.png,triangle
img_8340.png,ellipse
img_8341.png,triangle
img_8342.png,triangle
img_8343.png,ellipse
img_8344.png,ellipse
img_8345.png,octagon
img_8346.png,circle
img_8347.png,ellipse
img_8348.png,rectangle
img_8349.png,square
img_8350.png,circle
img_8351.png,rectangle
img_8352.png,circle
img_8353.png,circle
img_8354.png,rectangle
img_8355.png,rectangle
img_8356.png,rectangle
img_8357.png,square
img_8358.png,triangle
img_8359.png,circle
img_8360.png,rectangle
img_8361.png,octagon
img_8362.png,hexagon
img_8363.png,square
img_8364.png,ellipse
img_8365.png,circle
img_8366.png,rectangle
img_8367.png,square
img_8368.png,triangle
img_8369.png,rectangle
img_8370.png,octagon
img_8371.png,square
img_8372.png,circle
img_8373.png,triangle
img_8374.png,hexagon
img_8375.png,ellipse
img_8376.png,ellipse
img_8377.png,ellipse
img_8378.png,triangle
img_8379.png,ellipse
img_8380.png,octagon
img_8381.png,ellipse
img_8382.png,ellipse
img_8383.png,octagon
img_8384.png,triangle
img_8385.png,triangle
img_8386.png,octagon
img_8387.png,square
img_8388.png,hexagon
img_8389.png,circle
img_8390.png,triangle
img_8391.png,triangle
img_8392.png,circle
img_8393.png,ellipse
img_8394.png,square
img_8395.png,rectangle
img_8396.png,circle
img_8397.png,circle
img_8398.png,circle
img_8399.png,hexagon
img_8400.png,hexagon
img_8401.png,square
img_8402.png,ellipse
img_8403.png,rectangle
img_8404.png,octagon
img_8405.png,rectangle
img_8406.png,rectangle
img_8407.png,ellipse
img_8408.png,rectangle
img_8409.png,octagon
img_8410.png,hexagon
img_8411.png,circle
img_8412.png,square
img_8413.png,triangle
img_8414.png,square
img_8415.png,octagon
img_8416.png,octagon
img_8417.png,square
img_8418.png,octagon
img_8419.png,rectangle
img_8420.png,hexagon
img_8421.png,octagon
img_8422.png,triangle
img_8423.png,hexagon
img_8424.png,ellipse
img_8425.png,octagon
img_8426.png,ellipse
img_8427.png,circle
img_8428.png,ellipse
img_8429.png,octagon
img_8430.png,circle
img_8431.png,triangle
img_8432.png,circle
img_8433.png,hexagon
img_8434.png,square
img_8435.png,octagon
img_8436.png,ellipse
img_8437.png,triangle
img_8438.png,hexagon
img_8439.png,octagon
img_8440.png,circle
img_8441.png,rectangle
img_8442.png,rectangle
img_8443.png,hexagon
img_8444.png,ellipse
img_8445.png,hexagon
img_8446.png,square
img_8447.png,octagon
img_8448.png,ellipse
img_8449.png,square
img_8450.png,circle
img_8451.png,square
img_8452.png,circle
img_8453.png,rectangle
img_8454.png,square
img_8455.png,hexagon
img_8456.png,hexagon
img_8457.png,hexagon
img_8458.png,square
img_8459.png,triangle
img_8460.png,triangle
img_8461.png,octagon
img_8462.png,circle
img_8463.png,ellipse
img_8464.png,triangle
img_8465.png,triangle
img_8466.png,ellipse
img_8467.png,rectangle
img_8468.png,circle
img_8469.png,octagon
img_8470.png,circle
img_8471.png,circle
img_8472.png,rectangle
img_8473.png,rectangle
img_8474.png,hexagon
img_8475.png,octagon
img_8476.png,rectangle
img_8477.png,circle
img_8478.png,octagon
img_8479.png,square
img_8480.png,triangle
img_8481.png,triangle
img_8482.png,hexagon
img_8483.png,circle
img_8484.png,triangle
img_8485.png,circle
img_8486.png,triangle
img_8487.png,square
img_8488.png,octagon
img_8489.png,square
img_8490.png,circle
img_8491.png,octagon
img_8492.png,circle
img_8493.png,ellipse
img_8494.png,triangle
img_8495.png,square
img_8496.png,triangle
img_8497.png,rectangle
img_8498.png,rectangle
img_8499.png,octagon
img_8500.png,circle
img_8501.png,triangle
img_8502.png,ellipse
img_8503.png,ellipse
img_8504.png,triangle
img_8505.png,triangle
img_8506.png,square
img_8507.png,square
img_8508.png,hexagon
img_8509.png,octagon
img_8510.png,square
img_8511.png,triangle
img_8512.png,octagon
img_8513.png,ellipse
img_8514.png,triangle
img_8515.png,rectangle
img_8516.png,hexagon
img_8517.png,triangle
img_8518.png,square
img_8519.png,rectangle
img_8520.png,circle
img_8521.png,circle
img_8522.png,ellipse
img_8523.png,square
img_8524.png,hexagon
img_8525.png,ellipse
img_8526.png,square
img_8527.png,rectangle
img_8528.png,rectangle
img_8529.png,rectangle
img_8530.png,triangle
img_8531.png,octagon
img_8532.png,hexagon
img_8533.png,rectangle
img_8534.png,triangle
img_8535.png,circle
img_8536.png,ellipse
img_8537.png,square
img_8538.png,triangle
img_8539.png,square
img_8540.png,circle
img_8541.png,octagon
img_8542.png,hexagon
img_8543.png,square
img_8544.png,square
img_8545.png,rectangle
img_8546.png,triangle
img_8547.png,octagon
img_8548.png,hexagon
img_8549.png,circle
img_8550.png,rectangle
img_8551.png,hexagon
img_8552.png,octagon
img_8553.png,hexagon
img_8554.png,rectangle
img_8555.png,square
img_8556.png,circle
img_8557.png,hexagon
img_8558.png,square
img_8559.png,rectangle
img_8560.png,octagon
img_8561.png,octagon
img_8562.png,hexagon
img_8563.png,triangle
img_8564.png,circle
img_8565.png,square
img_8566.png,square
img_8567.png,ellipse
img_8568.png,octagon
img_8569.png,square
img_8570.png,square
img_8571.png,ellipse
img_8572.png,octagon
img_8573.png,ellipse
img_8574.png,square
img_8575.png,rectangle
img_8576.png,circle
img_8577.png,octagon
img_8578.png,octagon
img_8579.png,octagon
img_8580.png,hexagon
img_8581.png,octagon
img_8582.png,octagon
img_8583.png,square
img_8584.png,triangle
img_8585.png,square
img_8586.png,ellipse
img_8587.png,hexagon
img_8588.png,circle
img_8589.png,ellipse
img_8590.png,octagon
img_8591.png,hexagon
img_8592.png,circle
img_8593.png,triangle
img_8594.png,ellipse
img_8595.png,square
img_8596.png,octagon
img_8597.png,circle
img_8598.png,circle
img_8599.png,octagon
img_8600.png,rectangle
img_8601.png,rectangle
img_8602.png,circle
img_8603.png,triangle
img_8604.png,ellipse
img_8605.png,square
img_8606.png,ellipse
img_8607.png,hexagon
img_8608.png,square
img_8609.png,circle
img_8610.png,triangle
img_8611.png,hexagon
img_8612.png,circle
img_8613.png,rectangle
img_8614.png,ellipse
img_8615.png,circle
img_8616.png,square
img_8617.png,ellipse
img_8618.png,circle
img_8619.png,square
img_8620.png,square
img_8621.png,circle
img_8622.png,square
img_8623.png,triangle
img_8624.png,circle
img_8625.png,square
img_8626.png,circle
img_8627.png,rectangle
img_8628.png,circle
img_8629.png,octagon
img_8630.png,hexagon
img_8631.png,triangle
img_8632.png,rectangle
img_8633.png,square
img_8634.png,ellipse
img_8635.png,ellipse
img_8636.png,rectangle
img_8637.png,octagon
img_8638.png,circle
img_8639.png,square
img_8640.png,ellipse
img_8641.png,rectangle
img_8642.png,rectangle
img_8643.png,triangle
img_8644.png,ellipse
img_8645.png,hexagon
img_8646.png,hexagon
img_8647.png,octagon
img_8648.png,rectangle
img_8649.png,hexagon
img_8650.png,ellipse
img_8651.png,octagon
img_8652.png,circle
img_8653.png,square
img_8654.png,circle
img_8655.png,circle
img_8656.png,square
img_8657.png,triangle
img_8658.png,octagon
img_8659.png,triangle
img_8660.png,circle
img_8661.png,octagon
img_8662.png,rectangle
img_8663.png,square
img_8664.png,rectangle
img_8665.png,ellipse
img_8666.png,ellipse
img_8667.png,triangle
img_8668.png,square
img_8669.png,triangle
img_8670.png,ellipse
img_8671.png,triangle
img_8672.png,triangle
img_8673.png,octagon
img_8674.png,ellipse
img_8675.png,square
img_8676.png,triangle
img_8677.png,circle
img_8678.png,hexagon
img_8679.png,rectangle
img_8680.png,octagon
img_8681.png,rectangle
img_8682.png,octagon
img_8683.png,circle
img_8684.png,circle
img_8685.png,ellipse
img_8686.png,triangle
img_8687.png,square
img_8688.png,circle
img_8689.png,triangle
img_8690.png,hexagon
img_8691.png,square
img_8692.png,ellipse
img_8693.png,hexagon
img_8694.png,square
img_8695.png,ellipse
img_8696.png,rectangle
img_8697.png,triangle
img_8698.png,triangle
img_8699.png,octagon
img_8700.png,octagon
img_8701.png,triangle
img_8702.png,octagon
img_8703.png,square
img_8704.png,circle
img_8705.png,octagon
img_8706.png,rectangle
img_8707.png,ellipse
img_8708.png,ellipse
img_8709.png,ellipse
img_8710.png,ellipse
img_8711.png,square
img_8712.png,octagon
img_8713.png,triangle
img_8714.png,ellipse
img_8715.png,square
img_8716.png,square
img_8717.png,hexagon
img_8718.png,square
img_8719.png,octagon
img_8720.png,circle
img_8721.png,hexagon
img_8722.png,rectangle
img_8723.png,circle
img_8724.png,triangle
img_8725.png,triangle
img_8726.png,square
img_8727.png,rectangle
img_8728.png,octagon
img_8729.png,circle
img_8730.png,ellipse
img_8731.png,triangle
img_8732.png,square
img_8733.png,hexagon
img_8734.png,rectangle
img_8735.png,rectangle
img_8736.png,hexagon
img_8737.png,ellipse
img_8738.png,ellipse
img_8739.png,triangle
img_8740.png,circle
img_8741.png,circle
img_8742.png,hexagon
img_8743.png,octagon
img_8744.png,ellipse
img_8745.png,rectangle
img_8746.png,ellipse
img_8747.png,square
img_8748.png,rectangle
img_8749.png,ellipse
img_8750.png,rectangle
img_8751.png,rectangle
img_8752.png,rectangle
img_8753.png,circle
img_8754.png,circle
img_8755.png,ellipse
img_8756.png,hexagon
img_8757.png,octagon
img_8758.png,circle
img_8759.png,ellipse
img_8760.png,octagon
img_8761.png,rectangle
img_8762.png,hexagon
img_8763.png,circle
img_8764.png,hexagon
img_8765.png,square
img_8766.png,rectangle
img_8767.png,rectangle
img_8768.png,square
img_8769.png,hexagon
img_8770.png,circle
img_8771.png,circle
img_8772.png,circle
img_8773.png,rectangle
img_8774.png,triangle
img_8775.png,octagon
img_8776.png,hexagon
img_8777.png,hexagon
img_8778.png,hexagon
img_8779.png,square
img_8780.png,rectangle
img_8781.png,rectangle
img_8782.png,triangle
img_8783.png,square
img_8784.png,circle
img_8785.png,circle
img_8786.png,hexagon
img_8787.png,octagon
img_8788.png,square
img_8789.png,circle
img_8790.png,ellipse
img_8791.png,hexagon
img_8792.png,octagon
img_8793.png,octagon
img_8794.png,square
img_8795.png,triangle
img_8796.png,triangle
img_8797.png,circle
img_8798.png,circle
img_8799.png,octagon
img_8800.png,triangle
img_8801.png,hexagon
img_8802.png,ellipse
img_8803.png,ellipse
img_8804.png,octagon
img_8805.png,circle
img_8806.png,ellipse
img_8807.png,circle
img_8808.png,rectangle
img_8809.png,rectangle
img_8810.png,triangle
img_8811.png,hexagon
img_8812.png,rectangle
img_8813.png,octagon
img_8814.png,rectangle
img_8815.png,octagon
img_8816.png,triangle
img_8817.png,circle
img_8818.png,triangle
img_8819.png,rectangle
img_8820.png,triangle
img_8821.png,hexagon
img_8822.png,hexagon
img_8823.png,rectangle
img_8824.png,square
img_8825.png,hexagon
img_8826.png,octagon
img_8827.png,octagon
img_8828.png,square
img_8829.png,circle
img_8830.png,octagon
img_8831.png,rectangle
img_8832.png,ellipse
img_8833.png,ellipse
img_8834.png,octagon
img_8835.png,square
img_8836.png,octagon
img_8837.png,hexagon
img_8838.png,ellipse
img_8839.png,octagon
img_8840.png,octagon
img_8841.png,triangle
img_8842.png,rectangle
img_8843.png,triangle
img_8844.png,triangle
img_8845.png,hexagon
img_8846.png,square
img_8847.png,circle
img_8848.png,triangle
img_8849.png,triangle
img_8850.png,hexagon
img_8851.png,octagon
img_8852.png,hexagon
img_8853.png,square
img_8854.png,rectangle
img_8855.png,rectangle
img_8856.png,square
img_8857.png,ellipse
img_8858.png,square
img_8859.png,triangle
img_8860.png,octagon
img_8861.png,circle
img_8862.png,triangle
img_8863.png,hexagon
img_8864.png,rectangle
img_8865.png,octagon
img_8866.png,circle
img_8867.png,octagon
img_8868.png,circle
img_8869.png,circle
img_8870.png,ellipse
img_8871.png,ellipse
img_8872.png,octagon
img_8873.png,rectangle
img_8874.png,rectangle
img_8875.png,triangle
img_8876.png,circle
img_8877.png,hexagon
img_8878.png,hexagon
img_8879.png,ellipse
img_8880.png,ellipse
img_8881.png,square
img_8882.png,circle
img_8883.png,octagon
img_8884.png,square
img_8885.png,circle
img_8886.png,triangle
img_8887.png,ellipse
img_8888.png,octagon
img_8889.png,rectangle
img_8890.png,hexagon
img_8891.png,octagon
img_8892.png,circle
img_8893.png,circle
img_8894.png,ellipse
img_8895.png,square
img_8896.png,hexagon
img_8897.png,ellipse
img_8898.png,ellipse
img_8899.png,hexagon
img_8900.png,square
img_8901.png,octagon
img_8902.png,triangle
img_8903.png,rectangle
img_8904.png,circle
img_8905.png,square
img_8906.png,rectangle
img_8907.png,square
img_8908.png,circle
img_8909.png,rectangle
img_8910.png,circle
img_8911.png,ellipse
img_8912.png,circle
img_8913.png,ellipse
img_8914.png,ellipse
img_8915.png,hexagon
img_8916.png,rectangle
img_8917.png,octagon
img_8918.png,triangle
img_8919.png,circle
img_8920.png,octagon
img_8921.png,square
img_8922.png,square
img_8923.png,circle
img_8924.png,rectangle
img_8925.png,hexagon
img_8926.png,octagon
img_8927.png,square
img_8928.png,circle
img_8929.png,rectangle
img_8930.png,rectangle
img_8931.png,ellipse
img_8932.png,square
img_8933.png,hexagon
img_8934.png,circle
img_8935.png,octagon
img_8936.png,hexagon
img_8937.png,square
img_8938.png,hexagon
img_8939.png,ellipse
img_8940.png,hexagon
img_8941.png,ellipse
img_8942.png,rectangle
img_8943.png,hexagon
img_8944.png,square
img_8945.png,hexagon
img_8946.png,triangle
img_8947.png,triangle
img_8948.png,square
img_8949.png,triangle
img_8950.png,circle
img_8951.png,rectangle
img_8952.png,hexagon
img_8953.png,octagon
img_8954.png,rectangle
img_8955.png,rectangle
img_8956.png,square
img_8957.png,rectangle
img_8958.png,triangle
img_8959.png,triangle
img_8960.png,ellipse
img_8961.png,circle
img_8962.png,octagon
img_8963.png,rectangle
img_8964.png,triangle
img_8965.png,ellipse
img_8966.png,rectangle
img_8967.png,octagon
img_8968.png,hexagon
img_8969.png,octagon
img_8970.png,triangle
img_8971.png,rectangle
img_8972.png,rectangle
img_8973.png,triangle
img_8974.png,triangle
img_8975.png,ellipse
img_8976.png,circle
img_8977.png,rectangle
img_8978.png,ellipse
img_8979.png,octagon
img_8980.png,triangle
img_8981.png,ellipse
img_8982.png,circle
img_8983.png,circle
img_8984.png,hexagon
img_8985.png,square
img_8986.png,triangle
img_8987.png,circle
img_8988.png,hexagon
img_8989.png,rectangle
img_8990.png,rectangle
img_8991.png,triangle
img_8992.png,ellipse
img_8993.png,circle
img_8994.png,circle
img_8995.png,triangle
img_8996.png,ellipse
img_8997.png,square
img_8998.png,ellipse
img_8999.png,circle
img_9000.png,square
img_9001.png,square
img_9002.png,triangle
img_9003.png,rectangle
img_9004.png,octagon
img_9005.png,square
img_9006.png,hexagon
img_9007.png,square
img_9008.png,square
img_9009.png,square
img_9010.png,circle
img_9011.png,square
img_9012.png,circle
img_9013.png,ellipse
img_9014.png,rectangle
img_9015.png,circle
img_9016.png,rectangle
img_9017.png,square
img_9018.png,hexagon
img_9019.png,square
img_9020.png,ellipse
img_9021.png,octagon
img_9022.png,circle
img_9023.png,hexagon
img_9024.png,ellipse
img_9025.png,triangle
img_9026.png,rectangle
img_9027.png,triangle
img_9028.png,ellipse
img_9029.png,ellipse
img_9030.png,square
img_9031.png,triangle
img_9032.png,hexagon
img_9033.png,hexagon
img_9034.png,rectangle
img_9035.png,hexagon
img_9036.png,square
img_9037.png,ellipse
img_9038.png,circle
img_9039.png,rectangle
img_9040.png,triangle
img_9041.png,hexagon
img_9042.png,square
img_9043.png,octagon
img_9044.png,triangle
img_9045.png,hexagon
img_9046.png,circle
img_9047.png,ellipse
img_9048.png,octagon
img_9049.png,hexagon
img_9050.png,ellipse
img_9051.png,circle
img_9052.png,octagon
img_9053.png,ellipse
img_9054.png,ellipse
img_9055.png,hexagon
img_9056.png,octagon
img_9057.png,ellipse
img_9058.png,hexagon
img_9059.png,circle
img_9060.png,square
img_9061.png,triangle
img_9062.png,triangle
img_9063.png,octagon
img_9064.png,ellipse
img_9065.png,rectangle
img_9066.png,ellipse
img_9067.png,square
img_9068.png,circle
img_9069.png,octagon
img_9070.png,ellipse
img_9071.png,square
img_9072.png,triangle
img_9073.png,triangle
img_9074.png,triangle
img_9075.png,hexagon
img_9076.png,square
img_9077.png,circle
img_9078.png,square
img_9079.png,ellipse
img_9080.png,rectangle
img_9081.png,circle
img_9082.png,circle
img_9083.png,ellipse
img_9084.png,ellipse
img_9085.png,circle
img_9086.png,rectangle
img_9087.png,circle
img_9088.png,square
img_9089.png,hexagon
img_9090.png,octagon
img_9091.png,circle
img_9092.png,ellipse
img_9093.png,octagon
img_9094.png,ellipse
img_9095.png,rectangle
img_9096.png,hexagon
img_9097.png,square
img_9098.png,octagon
img_9099.png,hexagon
img_9100.png,hexagon
img_9101.png,octagon
img_9102.png,square
img_9103.png,rectangle
img_9104.png,hexagon
img_9105.png,hexagon
img_9106.png,ellipse
img_9107.png,circle
img_9108.png,rectangle
img_9109.png,square
img_9110.png,rectangle
img_9111.png,ellipse
img_9112.png,triangle
img_9113.png,triangle
img_9114.png,triangle
img_9115.png,triangle
img_9116.png,circle
img_9117.png,octagon
img_9118.png,hexagon
img_9119.png,triangle
img_9120.png,circle
img_9121.png,square
img_9122.png,hexagon
img_9123.png,octagon
img_9124.png,ellipse
img_9125.png,hexagon
img_9126.png,hexagon
img_9127.png,octagon
img_9128.png,rectangle
img_9129.png,octagon
img_9130.png,circle
img_9131.png,square
img_9132.png,hexagon
img_9133.png,octagon
img_9134.png,ellipse
img_9135.png,rectangle
img_9136.png,triangle
img_9137.png,rectangle
img_9138.png,rectangle
img_9139.png,hexagon
img_9140.png,rectangle
img_9141.png,octagon
img_9142.png,hexagon
img_9143.png,hexagon
img_9144.png,octagon
img_9145.png,rectangle
img_9146.png,octagon
img_9147.png,ellipse
img_9148.png,square
img_9149.png,circle
img_9150.png,rectangle
img_9151.png,square
img_9152.png,hexagon
img_9153.png,hexagon
img_9154.png,square
img_9155.png,circle
img_9156.png,circle
img_9157.png,circle
img_9158.png,triangle
img_9159.png,circle
img_9160.png,hexagon
img_9161.png,ellipse
img_9162.png,triangle
img_9163.png,circle
img_9164.png,octagon
img_9165.png,octagon
img_9166.png,octagon
img_9167.png,square
img_9168.png,square
img_9169.png,square
img_9170.png,square
img_9171.png,octagon
img_9172.png,triangle
img_9173.png,octagon
img_9174.png,hexagon
img_9175.png,square
img_9176.png,hexagon
img_9177.png,ellipse
img_9178.png,octagon
img_9179.png,rectangle
img_9180.png,rectangle
img_9181.png,ellipse
img_9182.png,triangle
img_9183.png,circle
img_9184.png,square
img_9185.png,triangle
img_9186.png,octagon
img_9187.png,octagon
img_9188.png,rectangle
img_9189.png,octagon
img_9190.png,hexagon
img_9191.png,rectangle
img_9192.png,octagon
img_9193.png,hexagon
img_9194.png,circle
img_9195.png,hexagon
img_9196.png,octagon
img_9197.png,ellipse
img_9198.png,rectangle
img_9199.png,hexagon
img_9200.png,octagon
img_9201.png,square
img_9202.png,square
img_9203.png,square
img_9204.png,square
img_9205.png,square
img_9206.png,octagon
img_9207.png,ellipse
img_9208.png,circle
img_9209.png,circle
img_9210.png,circle
img_9211.png,circle
img_9212.png,hexagon
img_9213.png,square
img_9214.png,rectangle
img_9215.png,hexagon
img_9216.png,triangle
img_9217.png,rectangle
img_9218.png,triangle
img_9219.png,triangle
img_9220.png,triangle
img_9221.png,hexagon
img_9222.png,octagon
img_9223.png,square
img_9224.png,square
img_9225.png,square
img_9226.png,triangle
img_9227.png,square
img_9228.png,square
img_9229.png,ellipse
img_9230.png,triangle
img_9231.png,ellipse
img_9232.png,octagon
img_9233.png,ellipse
img_9234.png,circle
img_9235.png,hexagon
img_9236.png,octagon
img_9237.png,rectangle
img_9238.png,triangle
img_9239.png,hexagon
img_9240.png,square
img_9241.png,ellipse
img_9242.png,rectangle
img_9243.png,ellipse
img_9244.png,hexagon
img_9245.png,rectangle
img_9246.png,hexagon
img_9247.png,circle
img_9248.png,circle
img_9249.png,rectangle
img_9250.png,triangle
img_9251.png,rectangle
img_9252.png,ellipse
img_9253.png,triangle
img_9254.png,ellipse
img_9255.png,hexagon
img_9256.png,square
img_9257.png,circle
img_9258.png,triangle
img_9259.png,triangle
img_9260.png,rectangle
img_9261.png,circle
img_9262.png,octagon
img_9263.png,square
img_9264.png,circle
img_9265.png,triangle
img_9266.png,hexagon
img_9267.png,circle
img_9268.png,hexagon
img_9269.png,square
img_9270.png,rectangle
img_9271.png,octagon
img_9272.png,rectangle
img_9273.png,ellipse
img_9274.png,triangle
img_9275.png,triangle
img_9276.png,triangle
img_9277.png,hexagon
img_9278.png,hexagon
img_9279.png,circle
img_9280.png,ellipse
img_9281.png,circle
img_9282.png,circle
img_9283.png,square
img_9284.png,triangle
img_9285.png,octagon
img_9286.png,rectangle
img_9287.png,circle
img_9288.png,ellipse
img_9289.png,octagon
img_9290.png,ellipse
img_9291.png,triangle
img_9292.png,ellipse
img_9293.png,triangle
img_9294.png,ellipse
img_9295.png,octagon
img_9296.png,triangle
img_9297.png,ellipse
img_9298.png,triangle
img_9299.png,rectangle
img_9300.png,ellipse
img_9301.png,rectangle
img_9302.png,circle
img_9303.png,triangle
img_9304.png,hexagon
img_9305.png,triangle
img_9306.png,circle
img_9307.png,rectangle
img_9308.png,octagon
img_9309.png,triangle
img_9310.png,circle
img_9311.png,triangle
img_9312.png,square
img_9313.png,square
img_9314.png,triangle
img_9315.png,triangle
img_9316.png,square
img_9317.png,circle
img_9318.png,triangle
img_9319.png,triangle
img_9320.png,triangle
img_9321.png,hexagon
img_9322.png,octagon
img_9323.png,rectangle
img_9324.png,ellipse
img_9325.png,square
img_9326.png,circle
img_9327.png,circle
img_9328.png,octagon
img_9329.png,triangle
img_9330.png,octagon
img_9331.png,octagon
img_9332.png,triangle
img_9333.png,square
img_9334.png,ellipse
img_9335.png,square
img_9336.png,rectangle
img_9337.png,triangle
img_9338.png,square
img_9339.png,hexagon
img_9340.png,ellipse
img_9341.png,ellipse
img_9342.png,ellipse
img_9343.png,circle
img_9344.png,ellipse
img_9345.png,triangle
img_9346.png,ellipse
img_9347.png,octagon
img_9348.png,rectangle
img_9349.png,rectangle
img_9350.png,circle
img_9351.png,triangle
img_9352.png,hexagon
img_9353.png,square
img_9354.png,circle
img_9355.png,square
img_9356.png,octagon
img_9357.png,rectangle
img_9358.png,rectangle
img_9359.png,rectangle
img_9360.png,square
img_9361.png,circle
img_9362.png,rectangle
img_9363.png,square
img_9364.png,triangle
img_9365.png,rectangle
img_9366.png,hexagon
img_9367.png,rectangle
img_9368.png,octagon
img_9369.png,rectangle
img_9370.png,square
img_9371.png,triangle
img_9372.png,rectangle
img_9373.png,rectangle
img_9374.png,ellipse
img_9375.png,circle
img_9376.png,triangle
img_9377.png,rectangle
img_9378.png,circle
img_9379.png,triangle
img_9380.png,octagon
img_9381.png,ellipse
img_9382.png,ellipse
img_9383.png,hexagon
img_9384.png,hexagon
img_9385.png,hexagon
img_9386.png,ellipse
img_9387.png,rectangle
img_9388.png,triangle
img_9389.png,ellipse
img_9390.png,hexagon
img_9391.png,ellipse
img_9392.png,circle
img_9393.png,ellipse
img_9394.png,square
img_9395.png,rectangle
img_9396.png,hexagon
img_9397.png,octagon
img_9398.png,triangle
img_9399.png,circle
img_9400.png,octagon
img_9401.png,hexagon
img_9402.png,ellipse
img_9403.png,circle
img_9404.png,octagon
img_9405.png,octagon
img_9406.png,square
img_9407.png,square
img_9408.png,octagon
img_9409.png,triangle
img_9410.png,ellipse
img_9411.png,ellipse
img_9412.png,ellipse
img_9413.png,rectangle
img_9414.png,hexagon
img_9415.png,octagon
img_9416.png,rectangle
img_9417.png,rectangle
img_9418.png,square
img_9419.png,square
img_9420.png,octagon
img_9421.png,rectangle
img_9422.png,hexagon
img_9423.png,octagon
img_9424.png,octagon
img_9425.png,square
img_9426.png,triangle
img_9427.png,hexagon
img_9428.png,triangle
img_9429.png,circle
img_9430.png,ellipse
img_9431.png,square
img_9432.png,octagon
img_9433.png,rectangle
img_9434.png,circle
img_9435.png,rectangle
img_9436.png,circle
img_9437.png,circle
img_9438.png,triangle
img_9439.png,octagon
img_9440.png,ellipse
img_9441.png,circle
img_9442.png,triangle
img_9443.png,circle
img_9444.png,hexagon
img_9445.png,octagon
img_9446.png,octagon
img_9447.png,hexagon
img_9448.png,square
img_9449.png,ellipse
img_9450.png,circle
img_9451.png,octagon
img_9452.png,circle
img_9453.png,octagon
img_9454.png,triangle
img_9455.png,ellipse
img_9456.png,circle
img_9457.png,hexagon
img_9458.png,octagon
img_9459.png,circle
img_9460.png,circle
img_9461.png,rectangle
img_9462.png,octagon
img_9463.png,square
img_9464.png,square
img_9465.png,triangle
img_9466.png,hexagon
img_9467.png,hexagon
img_9468.png,ellipse
img_9469.png,circle
img_9470.png,rectangle
img_9471.png,square
img_9472.png,octagon
img_9473.png,square
img_9474.png,triangle
img_9475.png,rectangle
img_9476.png,square
img_9477.png,hexagon
img_9478.png,square
img_9479.png,rectangle
img_9480.png,square
img_9481.png,rectangle
img_9482.png,triangle
img_9483.png,circle
img_9484.png,circle
img_9485.png,ellipse
img_9486.png,rectangle
img_9487.png,square
img_9488.png,octagon
img_9489.png,circle
img_9490.png,triangle
img_9491.png,circle
img_9492.png,octagon
img_9493.png,rectangle
img_9494.png,octagon
img_9495.png,square
img_9496.png,hexagon
img_9497.png,octagon
img_9498.png,circle
img_9499.png,octagon
img_9500.png,square
img_9501.png,ellipse
img_9502.png,hexagon
img_9503.png,rectangle
img_9504.png,circle
img_9505.png,circle
img_9506.png,rectangle
img_9507.png,square
img_9508.png,ellipse
img_9509.png,ellipse
img_9510.png,triangle
img_9511.png,ellipse
img_9512.png,hexagon
img_9513.png,rectangle
img_9514.png,triangle
img_9515.png,rectangle
img_9516.png,circle
img_9517.png,hexagon
img_9518.png,triangle
img_9519.png,ellipse
img_9520.png,ellipse
img_9521.png,rectangle
img_9522.png,triangle
img_9523.png,circle
img_9524.png,circle
img_9525.png,octagon
img_9526.png,circle
img_9527.png,octagon
img_9528.png,hexagon
img_9529.png,rectangle
img_9530.png,ellipse
img_9531.png,hexagon
img_9532.png,rectangle
img_9533.png,hexagon
img_9534.png,circle
img_9535.png,rectangle
img_9536.png,circle
img_9537.png,rectangle
img_9538.png,ellipse
img_9539.png,circle
img_9540.png,square
img_9541.png,circle
img_9542.png,octagon
img_9543.png,ellipse
img_9544.png,circle
img_9545.png,square
img_9546.png,circle
img_9547.png,circle
img_9548.png,square
img_9549.png,circle
img_9550.png,hexagon
img_9551.png,hexagon
img_9552.png,ellipse
img_9553.png,square
img_9554.png,octagon
img_9555.png,circle
img_9556.png,ellipse
img_9557.png,ellipse
img_9558.png,rectangle
img_9559.png,triangle
img_9560.png,circle
img_9561.png,octagon
img_9562.png,octagon
img_9563.png,rectangle
img_9564.png,rectangle
img_9565.png,circle
img_9566.png,octagon
img_9567.png,square
img_9568.png,circle
img_9569.png,rectangle
img_9570.png,hexagon
img_9571.png,ellipse
img_9572.png,ellipse
img_9573.png,ellipse
img_9574.png,square
img_9575.png,circle
img_9576.png,square
img_9577.png,rectangle
img_9578.png,circle
img_9579.png,square
img_9580.png,ellipse
img_9581.png,rectangle
img_9582.png,ellipse
img_9583.png,rectangle
img_9584.png,octagon
img_9585.png,octagon
img_9586.png,circle
img_9587.png,hexagon
img_9588.png,hexagon
img_9589.png,triangle
img_9590.png,rectangle
img_9591.png,rectangle
img_9592.png,triangle
img_9593.png,triangle
img_9594.png,rectangle
img_9595.png,square
img_9596.png,triangle
img_9597.png,hexagon
img_9598.png,rectangle
img_9599.png,ellipse
img_9600.png,circle
img_9601.png,ellipse
img_9602.png,triangle
img_9603.png,hexagon
img_9604.png,circle
img_9605.png,ellipse
img_9606.png,square
img_9607.png,hexagon
img_9608.png,square
img_9609.png,square
img_9610.png,ellipse
img_9611.png,ellipse
img_9612.png,octagon
img_9613.png,rectangle
img_9614.png,triangle
img_9615.png,triangle
img_9616.png,hexagon
img_9617.png,circle
img_9618.png,triangle
img_9619.png,triangle
img_9620.png,circle
img_9621.png,triangle
img_9622.png,ellipse
img_9623.png,hexagon
img_9624.png,triangle
img_9625.png,rectangle
img_9626.png,square
img_9627.png,circle
img_9628.png,octagon
img_9629.png,ellipse
img_9630.png,rectangle
img_9631.png,circle
img_9632.png,ellipse
img_9633.png,octagon
img_9634.png,octagon
img_9635.png,octagon
img_9636.png,hexagon
img_9637.png,square
img_9638.png,octagon
img_9639.png,square
img_9640.png,octagon
img_9641.png,rectangle
img_9642.png,hexagon
img_9643.png,hexagon
img_9644.png,ellipse
img_9645.png,hexagon
img_9646.png,triangle
img_9647.png,ellipse
img_9648.png,octagon
img_9649.png,triangle
img_9650.png,rectangle
img_9651.png,ellipse
img_9652.png,rectangle
img_9653.png,triangle
img_9654.png,octagon
img_9655.png,rectangle
img_9656.png,circle
img_9657.png,rectangle
img_9658.png,circle
img_9659.png,triangle
img_9660.png,square
img_9661.png,circle
img_9662.png,hexagon
img_9663.png,ellipse
img_9664.png,octagon
img_9665.png,hexagon
img_9666.png,octagon
img_9667.png,triangle
img_9668.png,square
img_9669.png,hexagon
img_9670.png,triangle
img_9671.png,rectangle
img_9672.png,hexagon
img_9673.png,rectangle
img_9674.png,square
img_9675.png,octagon
img_9676.png,rectangle
img_9677.png,square
img_9678.png,triangle
img_9679.png,octagon
img_9680.png,square
img_9681.png,hexagon
img_9682.png,hexagon
img_9683.png,rectangle
img_9684.png,hexagon
img_9685.png,rectangle
img_9686.png,square
img_9687.png,circle
img_9688.png,square
img_9689.png,ellipse
img_9690.png,ellipse
img_9691.png,square
img_9692.png,triangle
img_9693.png,ellipse
img_9694.png,circle
img_9695.png,hexagon
img_9696.png,rectangle
img_9697.png,triangle
img_9698.png,triangle
img_9699.png,square
img_9700.png,triangle
img_9701.png,octagon
img_9702.png,triangle
img_9703.png,hexagon
img_9704.png,ellipse
img_9705.png,hexagon
img_9706.png,circle
img_9707.png,rectangle
img_9708.png,triangle
img_9709.png,square
img_9710.png,triangle
img_9711.png,square
img_9712.png,octagon
img_9713.png,octagon
img_9714.png,ellipse
img_9715.png,square
img_9716.png,square
img_9717.png,octagon
img_9718.png,octagon
img_9719.png,circle
img_9720.png,circle
img_9721.png,circle
img_9722.png,square
img_9723.png,triangle
img_9724.png,square
img_9725.png,circle
img_9726.png,triangle
img_9727.png,rectangle
img_9728.png,circle
img_9729.png,triangle
img_9730.png,triangle
img_9731.png,triangle
img_9732.png,circle
img_9733.png,circle
img_9734.png,ellipse
img_9735.png,ellipse
img_9736.png,triangle
img_9737.png,ellipse
img_9738.png,triangle
img_9739.png,circle
img_9740.png,ellipse
img_9741.png,hexagon
img_9742.png,hexagon
img_9743.png,circle
img_9744.png,octagon
img_9745.png,hexagon
img_9746.png,square
img_9747.png,circle
img_9748.png,rectangle
img_9749.png,ellipse
img_9750.png,ellipse
img_9751.png,ellipse
img_9752.png,circle
img_9753.png,hexagon
img_9754.png,triangle
img_9755.png,rectangle
img_9756.png,triangle
img_9757.png,square
img_9758.png,hexagon
img_9759.png,triangle
img_9760.png,rectangle
img_9761.png,square
img_9762.png,ellipse
img_9763.png,octagon
img_9764.png,circle
img_9765.png,circle
img_9766.png,ellipse
img_9767.png,rectangle
img_9768.png,hexagon
img_9769.png,circle
img_9770.png,circle
img_9771.png,ellipse
img_9772.png,rectangle
img_9773.png,circle
img_9774.png,hexagon
img_9775.png,ellipse
img_9776.png,octagon
img_9777.png,ellipse
img_9778.png,square
img_9779.png,octagon
img_9780.png,triangle
img_9781.png,triangle
img_9782.png,ellipse
img_9783.png,hexagon
img_9784.png,square
img_9785.png,triangle
img_9786.png,octagon
img_9787.png,hexagon
img_9788.png,rectangle
img_9789.png,triangle
img_9790.png,octagon
img_9791.png,hexagon
img_9792.png,square
img_9793.png,ellipse
img_9794.png,hexagon
img_9795.png,octagon
img_9796.png,ellipse
img_9797.png,rectangle
img_9798.png,rectangle
img_9799.png,rectangle
img_9800.png,circle
img_9801.png,rectangle
img_9802.png,triangle
img_9803.png,square
img_9804.png,square
img_9805.png,ellipse
img_9806.png,hexagon
img_9807.png,ellipse
img_9808.png,rectangle
img_9809.png,circle
img_9810.png,hexagon
img_9811.png,octagon
img_9812.png,square
img_9813.png,triangle
img_9814.png,rectangle
img_9815.png,ellipse
img_9816.png,ellipse
img_9817.png,hexagon
img_9818.png,octagon
img_9819.png,circle
img_9820.png,octagon
img_9821.png,square
img_9822.png,circle
img_9823.png,circle
img_9824.png,hexagon
img_9825.png,triangle
img_9826.png,rectangle
img_9827.png,circle
img_9828.png,hexagon
img_9829.png,ellipse
img_9830.png,square
img_9831.png,circle
img_9832.png,rectangle
img_9833.png,octagon
img_9834.png,square
img_9835.png,circle
img_9836.png,triangle
img_9837.png,circle
img_9838.png,circle
img_9839.png,rectangle
img_9840.png,octagon
img_9841.png,triangle
img_9842.png,square
img_9843.png,triangle
img_9844.png,hexagon
img_9845.png,triangle
img_9846.png,octagon
img_9847.png,square
img_9848.png,rectangle
img_9849.png,octagon
img_9850.png,square
img_9851.png,circle
img_9852.png,square
img_9853.png,rectangle
img_9854.png,ellipse
img_9855.png,square
img_9856.png,ellipse
img_9857.png,square
img_9858.png,rectangle
img_9859.png,square
img_9860.png,ellipse
img_9861.png,square
img_9862.png,triangle
img_9863.png,circle
img_9864.png,rectangle
img_9865.png,triangle
img_9866.png,triangle
img_9867.png,rectangle
img_9868.png,rectangle
img_9869.png,rectangle
img_9870.png,octagon
img_9871.png,square
img_9872.png,triangle
img_9873.png,rectangle
img_9874.png,square
img_9875.png,rectangle
img_9876.png,square
img_9877.png,triangle
img_9878.png,square
img_9879.png,triangle
img_9880.png,hexagon
img_9881.png,hexagon
img_9882.png,ellipse
img_9883.png,ellipse
img_9884.png,square
img_9885.png,hexagon
img_9886.png,circle
img_9887.png,circle
img_9888.png,circle
img_9889.png,ellipse
img_9890.png,square
img_9891.png,triangle
img_9892.png,octagon
img_9893.png,square
img_9894.png,hexagon
img_9895.png,rectangle
img_9896.png,circle
img_9897.png,circle
img_9898.png,ellipse
img_9899.png,rectangle
img_9900.png,triangle
img_9901.png,octagon
img_9902.png,rectangle
img_9903.png,hexagon
img_9904.png,octagon
img_9905.png,square
img_9906.png,ellipse
img_9907.png,circle
img_9908.png,hexagon
img_9909.png,ellipse
img_9910.png,triangle
img_9911.png,ellipse
img_9912.png,circle
img_9913.png,circle
img_9914.png,ellipse
img_9915.png,square
img_9916.png,triangle
img_9917.png,circle
img_9918.png,hexagon
img_9919.png,rectangle
img_9920.png,ellipse
img_9921.png,triangle
img_9922.png,rectangle
img_9923.png,hexagon
img_9924.png,octagon
img_9925.png,triangle
img_9926.png,circle
img_9927.png,hexagon
img_9928.png,ellipse
img_9929.png,square
img_9930.png,ellipse
img_9931.png,rectangle
img_9932.png,square
img_9933.png,hexagon
img_9934.png,rectangle
img_9935.png,octagon
img_9936.png,ellipse
img_9937.png,circle
img_9938.png,rectangle
img_9939.png,circle
img_9940.png,ellipse
img_9941.png,triangle
img_9942.png,hexagon
img_9943.png,ellipse
img_9944.png,square
img_9945.png,rectangle
img_9946.png,square
img_9947.png,square
img_9948.png,triangle
img_9949.png,triangle
img_9950.png,square
img_9951.png,ellipse
img_9952.png,triangle
img_9953.png,octagon
img_9954.png,triangle
img_9955.png,rectangle
img_9956.png,hexagon
img_9957.png,hexagon
img_9958.png,circle
img_9959.png,octagon
img_9960.png,rectangle
img_9961.png,ellipse
img_9962.png,square
img_9963.png,octagon
img_9964.png,square
img_9965.png,hexagon
img_9966.png,triangle
img_9967.png,octagon
img_9968.png,ellipse
img_9969.png,rectangle
img_9970.png,ellipse
img_9971.png,triangle
img_9972.png,triangle
img_9973.png,triangle
img_9974.png,triangle
img_9975.png,square
img_9976.png,octagon
img_9977.png,octagon
img_9978.png,square
img_9979.png,hexagon
img_9980.png,square
img_9981.png,rectangle
img_9982.png,square
img_9983.png,hexagon
img_9984.png,square
img_9985.png,circle
img_9986.png,hexagon
img_9987.png,rectangle
img_9988.png,rectangle
img_9989.png,square
img_9990.png,triangle
img_9991.png,circle
img_9992.png,ellipse
img_9993.png,square
img_9994.png,octagon
img_9995.png,octagon
img_9996.png,rectangle
img_9997.png,hexagon
img_9998.png,ellipse
img_9999.png,rectangle
